Gamma,Iteration,Change_Factor,Acetate_threshold,ATPM,Z_Level,Y_Level,Random_Seed
0.25,1,1,0.79909380665744,6.89,0.0,0.0,1
0.2,1,1,0.620278001736613,6.89,0.0,0.0,1
0.15,1,1,0.463841661756396,6.89,0.0,0.0,1
0.3,1,1,0.726989505442229,6.89,0.0,0.0,1
0.277777777777778,1,1,0.803896097652929,6.89,0.0,0.0,1
0.211111111111111,1,1,0.649961933145788,6.89,0.0,0.0,1
0.1,1,1,0.325753499803871,6.89,0.0,0.0,1
1.0,1,1,0.803896097652932,6.89,0.0,0.0,1
0.25,1,1,0.778840838170793,6.89,0.01,0.0,1
0.2,1,1,0.618302892446116,6.89,0.01,0.0,1
0.15,1,1,0.462953050142836,6.89,0.01,0.0,1
0.3,1,1,0.778840838170793,6.89,0.01,0.0,1
0.277777777777778,1,1,0.778840838170792,6.89,0.01,0.0,1
0.211111111111111,1,1,0.647969998029444,6.89,0.01,0.0,1
0.1,1,1,0.325070334493648,6.89,0.01,0.0,1
1.0,1,1,0.778839479841681,6.89,0.01,0.0,1
0.25,1,1,0.757639409819679,6.89,0.02,0.0,1
0.2,1,1,0.616327732447914,6.89,0.02,0.0,1
0.15,1,1,0.462063523292054,6.89,0.02,0.0,1
0.3,1,1,0.757639409819691,6.89,0.02,0.0,1
0.277777777777778,1,1,0.757639409819676,6.89,0.02,0.0,1
0.211111111111111,1,1,0.645972636731679,6.89,0.02,0.0,1
0.1,1,1,0.319933786662352,6.89,0.02,0.0,1
1.0,1,1,0.757639409819698,6.89,0.02,0.0,1
0.25,1,1,0.710100356312094,6.89,0.04,0.0,1
0.2,1,1,0.612331764727663,6.89,0.04,0.0,1
0.15,1,1,0.460285839809854,6.89,0.04,0.0,1
0.3,1,1,0.710100356312101,6.89,0.04,0.0,1
0.277777777777778,1,1,0.710100356312104,6.89,0.04,0.0,1
0.211111111111111,1,1,0.641947907941794,6.89,0.04,0.0,1
0.1,1,1,0.318563239607627,6.89,0.04,0.0,1
1.0,1,1,0.710100356312094,6.89,0.04,0.0,1
0.25,1,1,0.650223456090116,6.89,0.08,0.0,1
0.2,1,1,0.599691860050964,6.89,0.08,0.0,1
0.15,1,1,0.456754378630569,6.89,0.08,0.0,1
0.3,1,1,0.650223456090116,6.89,0.08,0.0,1
0.277777777777778,1,1,0.650223456090111,6.89,0.08,0.0,1
0.211111111111111,1,1,0.628883227850847,6.89,0.08,0.0,1
0.1,1,1,0.306919073002532,6.89,0.08,0.0,1
1.0,1,1,0.65022345609011,6.89,0.08,0.0,1
0.25,1,1,0.61524880473743,6.89,0.1,0.0,1
0.2,1,1,0.59530504627917,6.89,0.1,0.0,1
0.15,1,1,0.459756800824713,6.89,0.1,0.0,1
0.3,1,1,0.614782731779471,6.89,0.1,0.0,1
0.277777777777778,1,1,0.614782731779475,6.89,0.1,0.0,1
0.211111111111111,1,1,0.618100789776953,6.89,0.1,0.0,1
0.1,1,1,0.30109627726067,6.89,0.1,0.0,1
1.0,1,1,0.614782731779472,6.89,0.1,0.0,1
0.25,1,1,0.531461591384572,6.89,0.15,0.0,1
0.2,1,1,0.53105853230398,6.89,0.15,0.0,1
0.15,1,1,0.443358171780817,6.89,0.15,0.0,1
0.3,1,1,0.531462066475676,6.89,0.15,0.0,1
0.277777777777778,1,1,0.531461608455808,6.89,0.15,0.0,1
0.211111111111111,1,1,0.531461591991347,6.89,0.15,0.0,1
0.1,1,1,0.288766026064741,6.89,0.15,0.0,1
1.0,1,1,0.531058990235202,6.89,0.15,0.0,1
0.25,1,1,0.447674378031728,6.89,0.2,0.0,1
0.2,1,1,0.447334860010093,6.89,0.2,0.0,1
0.15,1,1,0.433054520038721,6.89,0.2,0.0,1
0.3,1,1,0.447334862954548,6.89,0.2,0.0,1
0.277777777777778,1,1,0.447674378542834,6.89,0.2,0.0,1
0.211111111111111,1,1,0.447674378542835,6.89,0.2,0.0,1
0.1,1,1,0.284478748331131,6.89,0.2,0.0,1
1.0,1,1,0.447674392411603,6.89,0.2,0.0,1
0.25,1,1,0.367113732526302,6.89,0.25,0.0,1
0.2,1,1,0.367114053060745,6.89,0.25,0.0,1
0.15,1,1,0.367113732526296,6.89,0.25,0.0,1
0.3,1,1,0.366832279565675,6.89,0.25,0.0,1
0.277777777777778,1,1,0.367113388837456,6.89,0.25,0.0,1
0.211111111111111,1,1,0.366832279565672,6.89,0.25,0.0,1
0.1,1,1,0.279993899217406,6.89,0.25,0.0,1
1.0,1,1,0.367114050152872,6.89,0.25,0.0,1
0.25,1,1,0.742197192114449,6.89,0.0,0.005,1
0.2,1,1,0.589096214212549,6.89,0.0,0.005,1
0.15,1,1,0.431686431241268,6.89,0.0,0.005,1
0.3,1,1,0.791618629565443,6.89,0.0,0.005,1
0.277777777777778,1,1,0.791617377800307,6.89,0.0,0.005,1
0.211111111111111,1,1,0.620730875165718,6.89,0.0,0.005,1
0.1,1,1,0.2930920331823,6.89,0.0,0.005,1
1.0,1,1,0.791618629565448,6.89,0.0,0.005,1
0.25,1,1,0.699751373488033,6.89,0.0,0.01,1
0.2,1,1,0.552781662828188,6.89,0.0,0.01,1
0.15,1,1,0.40382612793304,6.89,0.0,0.01,1
0.3,1,1,0.778840838170788,6.89,0.0,0.01,1
0.277777777777778,1,1,0.778840838170788,6.89,0.0,0.01,1
0.211111111111111,1,1,0.59026223227664,6.89,0.0,0.01,1
0.1,1,1,0.259777130155575,6.89,0.0,0.01,1
1.0,1,1,0.778840838170793,6.89,0.0,0.01,1
0.25,1,1,0.641469878171138,6.89,0.0,0.02,1
0.2,1,1,0.48971217558257,6.89,0.0,0.02,1
0.15,1,1,0.343629557876626,6.89,0.0,0.02,1
0.3,1,1,0.757639409819683,6.89,0.0,0.02,1
0.277777777777778,1,1,0.714808631844612,6.89,0.0,0.02,1
0.211111111111111,1,1,0.522431017615747,6.89,0.0,0.02,1
0.1,1,1,0.174443472760464,6.89,0.0,0.02,1
1.0,1,1,0.75763940981969,6.89,0.0,0.02,1
0.25,1,1,0.515582230911309,6.89,0.0,0.04,1
0.2,1,1,0.361680774405164,6.89,0.0,0.04,1
0.15,1,1,0.211105820563863,6.89,0.0,0.04,1
0.3,1,1,0.657908776914233,6.89,0.0,0.04,1
0.277777777777778,1,1,0.598783229416049,6.89,0.0,0.04,1
0.211111111111111,1,1,0.390948008456,6.89,0.0,0.04,1
0.1,1,1,0.005197376080812,6.89,0.0,0.04,1
1.0,1,1,0.710100356312098,6.89,0.0,0.04,1
0.25,1,1,0.26376960450888,6.89,0.0,0.08,1
0.2,1,1,0.0743615283264542,6.89,0.0,0.08,1
0.15,1,1,0.0,6.89,0.0,0.08,1
0.3,1,1,0.4057633256177,6.89,0.0,0.08,1
0.277777777777778,1,1,0.339209659248675,6.89,0.0,0.08,1
0.211111111111111,1,1,0.121954619967556,6.89,0.0,0.08,1
0.1,1,1,0.0,6.89,0.0,0.08,1
1.0,1,1,0.650223456090119,6.89,0.0,0.08,1
0.25,1,1,0.111021633184503,6.89,0.0,0.1,1
0.2,1,1,0.0,6.89,0.0,0.1,1
0.15,1,1,0.0,6.89,0.0,0.1,1
0.3,1,1,0.2818264445468,6.89,0.0,0.1,1
0.277777777777778,1,1,0.222988265983065,6.89,0.0,0.1,1
0.211111111111111,1,1,0.0,6.89,0.0,0.1,1
0.1,1,1,0.0,6.89,0.0,0.1,1
1.0,1,1,0.614782731779477,6.89,0.0,0.1,1
0.25,1,1,0.0,6.89,0.0,0.15,1
0.2,1,1,0.0,6.89,0.0,0.15,1
0.15,1,1,0.0,6.89,0.0,0.15,1
0.3,1,1,0.0,6.89,0.0,0.15,1
0.277777777777778,1,1,0.0,6.89,0.0,0.15,1
0.211111111111111,1,1,0.0,6.89,0.0,0.15,1
0.1,1,1,0.0,6.89,0.0,0.15,1
1.0,1,1,0.531058990235204,6.89,0.0,0.15,1
0.294444444444444,1,1,0.803891299574527,6.89,0.0,0.0,1
0.161111111111111,1,1,0.496559730592112,6.89,0.0,0.0,1
0.65,1,1,0.80389129957449,6.89,0.0,0.0,1
0.25,1,1,0.717038169531324,6.89,0.0166896551724138,0.0,1
0.2,1,1,0.616979858867753,6.89,0.0166896551724138,0.0,1
0.15,1,1,0.462357825787055,6.89,0.0166896551724138,0.0,1
0.3,1,1,0.764942412371089,6.89,0.0166896551724138,0.0,1
0.294444444444444,1,1,0.764942412371109,6.89,0.0166896551724138,0.0,1
0.277777777777778,1,1,0.764942412371085,6.89,0.0166896551724138,0.0,1
0.211111111111111,1,1,0.64663202488277,6.89,0.0166896551724138,0.0,1
0.161111111111111,1,1,0.495076408893308,6.89,0.0166896551724138,0.0,1
0.1,1,1,0.324612503524676,6.89,0.0166896551724138,0.0,1
0.65,1,1,0.764942412371079,6.89,0.0166896551724138,0.0,1
1.0,1,1,0.764942412371069,6.89,0.0166896551724138,0.0,1
0.25,1,1,0.713412044516215,6.89,0.0333793103448276,0.0,1
0.2,1,1,0.613653566323087,6.89,0.0333793103448276,0.0,1
0.15,1,1,0.460873999928469,6.89,0.0333793103448276,0.0,1
0.3,1,1,0.724760280399393,6.89,0.0333793103448276,0.0,1
0.294444444444444,1,1,0.724760280399397,6.89,0.0333793103448276,0.0,1
0.277777777777778,1,1,0.724760280399399,6.89,0.0333793103448276,0.0,1
0.211111111111111,1,1,0.64329850706839,6.89,0.0333793103448276,0.0,1
0.161111111111111,1,1,0.493593087194503,6.89,0.0333793103448276,0.0,1
0.1,1,1,0.319017952427468,6.89,0.0333793103448276,0.0,1
0.65,1,1,0.713412044516214,6.89,0.0333793103448276,0.0,1
1.0,1,1,0.72476028039939,6.89,0.0333793103448276,0.0,1
0.25,1,1,0.704701992278771,6.89,0.0500689655172414,0.0,1
0.2,1,1,0.605775386799042,6.89,0.0500689655172414,0.0,1
0.15,1,1,0.459390174069883,6.89,0.0500689655172414,0.0,1
0.3,1,1,0.694662106028832,6.89,0.0500689655172414,0.0,1
0.294444444444444,1,1,0.704701992278812,6.89,0.0500689655172414,0.0,1
0.277777777777778,1,1,0.70470199227873,6.89,0.0500689655172414,0.0,1
0.211111111111111,1,1,0.639849574986466,6.89,0.0500689655172414,0.0,1
0.161111111111111,1,1,0.492109765495701,6.89,0.0500689655172414,0.0,1
0.1,1,1,0.31342238155231,6.89,0.0500689655172414,0.0,1
0.65,1,1,0.704701992278785,6.89,0.0500689655172414,0.0,1
1.0,1,1,0.704701992278785,6.89,0.0500689655172414,0.0,1
0.25,1,1,0.670476622707638,6.89,0.0667586206896552,0.0,1
0.2,1,1,0.602408875450477,6.89,0.0667586206896552,0.0,1
0.15,1,1,0.457906348211296,6.89,0.0667586206896552,0.0,1
0.3,1,1,0.670476622707641,6.89,0.0667586206896552,0.0,1
0.294444444444444,1,1,0.670476622707646,6.89,0.0667586206896552,0.0,1
0.277777777777778,1,1,0.67047662270764,6.89,0.0667586206896552,0.0,1
0.211111111111111,1,1,0.636253731805777,6.89,0.0667586206896552,0.0,1
0.161111111111111,1,1,0.490620469095283,6.89,0.0667586206896552,0.0,1
0.1,1,1,0.30782681067715,6.89,0.0667586206896552,0.0,1
0.65,1,1,0.670476622707648,6.89,0.0667586206896552,0.0,1
1.0,1,1,0.670476622707643,6.89,0.0667586206896552,0.0,1
0.25,1,1,0.642539471125798,6.89,0.083448275862069,0.0,1
0.2,1,1,0.598868257221969,6.89,0.083448275862069,0.0,1
0.15,1,1,0.451632761211945,6.89,0.083448275862069,0.0,1
0.3,1,1,0.642539471125802,6.89,0.083448275862069,0.0,1
0.294444444444444,1,1,0.642539471125798,6.89,0.083448275862069,0.0,1
0.277777777777778,1,1,0.642539471125807,6.89,0.083448275862069,0.0,1
0.211111111111111,1,1,0.628139468080787,6.89,0.083448275862069,0.0,1
0.161111111111111,1,1,0.489123345830084,6.89,0.083448275862069,0.0,1
0.1,1,1,0.30668200057143,6.89,0.083448275862069,0.0,1
0.65,1,1,0.642539471125802,6.89,0.083448275862069,0.0,1
1.0,1,1,0.642539471125803,6.89,0.083448275862069,0.0,1
0.25,1,1,0.614602319543963,6.89,0.100137931034483,0.0,1
0.2,1,1,0.595273745544222,6.89,0.100137931034483,0.0,1
0.15,1,1,0.450140248190903,6.89,0.100137931034483,0.0,1
0.3,1,1,0.614602319543963,6.89,0.100137931034483,0.0,1
0.294444444444444,1,1,0.614602319543963,6.89,0.100137931034483,0.0,1
0.277777777777778,1,1,0.614602319543965,6.89,0.100137931034483,0.0,1
0.211111111111111,1,1,0.614226978824117,6.89,0.100137931034483,0.0,1
0.161111111111111,1,1,0.487424694597678,6.89,0.100137931034483,0.0,1
0.1,1,1,0.301087112107942,6.89,0.100137931034483,0.0,1
0.65,1,1,0.614602319543979,6.89,0.100137931034483,0.0,1
1.0,1,1,0.614602319543967,6.89,0.100137931034483,0.0,1
0.25,1,1,0.586665167962132,6.89,0.116827586206897,0.0,1
0.2,1,1,0.582619884129488,6.89,0.116827586206897,0.0,1
0.15,1,1,0.448640201108698,6.89,0.116827586206897,0.0,1
0.3,1,1,0.586665167962127,6.89,0.116827586206897,0.0,1
0.294444444444444,1,1,0.586665167962128,6.89,0.116827586206897,0.0,1
0.277777777777778,1,1,0.58666516796213,6.89,0.116827586206897,0.0,1
0.211111111111111,1,1,0.586665167962121,6.89,0.116827586206897,0.0,1
0.161111111111111,1,1,0.484125860258376,6.89,0.116827586206897,0.0,1
0.1,1,1,0.295491541232784,6.89,0.116827586206897,0.0,1
0.65,1,1,0.586665167962133,6.89,0.116827586206897,0.0,1
1.0,1,1,0.586665167962132,6.89,0.116827586206897,0.0,1
0.25,1,1,0.558728016380293,6.89,0.13351724137931,0.0,1
0.2,1,1,0.558728016380285,6.89,0.13351724137931,0.0,1
0.15,1,1,0.446556187383189,6.89,0.13351724137931,0.0,1
0.3,1,1,0.55872801638029,6.89,0.13351724137931,0.0,1
0.294444444444444,1,1,0.558728016380293,6.89,0.13351724137931,0.0,1
0.277777777777778,1,1,0.558728016380289,6.89,0.13351724137931,0.0,1
0.211111111111111,1,1,0.55872801638029,6.89,0.13351724137931,0.0,1
0.161111111111111,1,1,0.480804407785561,6.89,0.13351724137931,0.0,1
0.1,1,1,0.294346427219927,6.89,0.13351724137931,0.0,1
0.65,1,1,0.558728016380288,6.89,0.13351724137931,0.0,1
1.0,1,1,0.558728016380289,6.89,0.13351724137931,0.0,1
0.25,1,1,0.530790864798455,6.89,0.150206896551724,0.0,1
0.2,1,1,0.530790864798453,6.89,0.150206896551724,0.0,1
0.15,1,1,0.443262835237393,6.89,0.150206896551724,0.0,1
0.3,1,1,0.530790864798445,6.89,0.150206896551724,0.0,1
0.294444444444444,1,1,0.530790864798448,6.89,0.150206896551724,0.0,1
0.277777777777778,1,1,0.530790864798451,6.89,0.150206896551724,0.0,1
0.211111111111111,1,1,0.530790864798449,6.89,0.150206896551724,0.0,1
0.161111111111111,1,1,0.472920473281474,6.89,0.150206896551724,0.0,1
0.1,1,1,0.288751565251707,6.89,0.150206896551724,0.0,1
0.65,1,1,0.530790864798449,6.89,0.150206896551724,0.0,1
1.0,1,1,0.53079086479845,6.89,0.150206896551724,0.0,1
0.25,1,1,0.502853713216612,6.89,0.166896551724138,0.0,1
0.2,1,1,0.502853713216606,6.89,0.166896551724138,0.0,1
0.15,1,1,0.439952990566932,6.89,0.166896551724138,0.0,1
0.3,1,1,0.50285371321661,6.89,0.166896551724138,0.0,1
0.294444444444444,1,1,0.50285371321661,6.89,0.166896551724138,0.0,1
0.277777777777778,1,1,0.502853713216615,6.89,0.166896551724138,0.0,1
0.211111111111111,1,1,0.502853713216611,6.89,0.166896551724138,0.0,1
0.161111111111111,1,1,0.469405096415931,6.89,0.166896551724138,0.0,1
0.1,1,1,0.287421876974419,6.89,0.166896551724138,0.0,1
0.65,1,1,0.502853713216609,6.89,0.166896551724138,0.0,1
1.0,1,1,0.502853713216613,6.89,0.166896551724138,0.0,1
0.25,1,1,0.474918721949665,6.89,0.183586206896552,0.0,1
0.2,1,1,0.474918721949657,6.89,0.183586206896552,0.0,1
0.15,1,1,0.436535113341922,6.89,0.183586206896552,0.0,1
0.3,1,1,0.47491872194966,6.89,0.183586206896552,0.0,1
0.294444444444444,1,1,0.474918721949656,6.89,0.183586206896552,0.0,1
0.277777777777778,1,1,0.474918721949654,6.89,0.183586206896552,0.0,1
0.211111111111111,1,1,0.474918721949655,6.89,0.183586206896552,0.0,1
0.161111111111111,1,1,0.465810578591506,6.89,0.183586206896552,0.0,1
0.1,1,1,0.285938049616761,6.89,0.183586206896552,0.0,1
0.65,1,1,0.474918721949657,6.89,0.183586206896552,0.0,1
1.0,1,1,0.474918721949659,6.89,0.183586206896552,0.0,1
0.25,1,1,0.446981443286461,6.89,0.200275862068965,0.0,1
0.2,1,1,0.446981443286454,6.89,0.200275862068965,0.0,1
0.15,1,1,0.432937297059086,6.89,0.200275862068965,0.0,1
0.3,1,1,0.446981443286456,6.89,0.200275862068965,0.0,1
0.294444444444444,1,1,0.446981443286455,6.89,0.200275862068965,0.0,1
0.277777777777778,1,1,0.446981443286454,6.89,0.200275862068965,0.0,1
0.211111111111111,1,1,0.446981443286461,6.89,0.200275862068965,0.0,1
0.161111111111111,1,1,0.446831712086735,6.89,0.200275862068965,0.0,1
0.1,1,1,0.284454222259102,6.89,0.200275862068965,0.0,1
0.65,1,1,0.446981443286455,6.89,0.200275862068965,0.0,1
1.0,1,1,0.446981443286454,6.89,0.200275862068965,0.0,1
0.25,1,1,0.419044164623254,6.89,0.216965517241379,0.0,1
0.2,1,1,0.41904416462325,6.89,0.216965517241379,0.0,1
0.15,1,1,0.418736668584342,6.89,0.216965517241379,0.0,1
0.3,1,1,0.419044164623251,6.89,0.216965517241379,0.0,1
0.294444444444444,1,1,0.419044164623256,6.89,0.216965517241379,0.0,1
0.277777777777778,1,1,0.419044164623256,6.89,0.216965517241379,0.0,1
0.211111111111111,1,1,0.419044164623255,6.89,0.216965517241379,0.0,1
0.161111111111111,1,1,0.419044164623249,6.89,0.216965517241379,0.0,1
0.1,1,1,0.282968275352007,6.89,0.216965517241379,0.0,1
0.65,1,1,0.419044164623253,6.89,0.216965517241379,0.0,1
1.0,1,1,0.419044164623255,6.89,0.216965517241379,0.0,1
0.25,1,1,0.391106885960051,6.89,0.233655172413793,0.0,1
0.2,1,1,0.39110688596005,6.89,0.233655172413793,0.0,1
0.15,1,1,0.39110688596005,6.89,0.233655172413793,0.0,1
0.3,1,1,0.391106885960052,6.89,0.233655172413793,0.0,1
0.294444444444444,1,1,0.391106885960051,6.89,0.233655172413793,0.0,1
0.277777777777778,1,1,0.391106885960049,6.89,0.233655172413793,0.0,1
0.211111111111111,1,1,0.39110688596005,6.89,0.233655172413793,0.0,1
0.161111111111111,1,1,0.391106885960047,6.89,0.233655172413793,0.0,1
0.1,1,1,0.281475244043219,6.89,0.233655172413793,0.0,1
0.65,1,1,0.391106885960048,6.89,0.233655172413793,0.0,1
1.0,1,1,0.39110688596005,6.89,0.233655172413793,0.0,1
0.25,1,1,0.366385018332745,6.89,0.250344827586207,0.0,1
0.2,1,1,0.366385018332748,6.89,0.250344827586207,0.0,1
0.15,1,1,0.36638501833275,6.89,0.250344827586207,0.0,1
0.3,1,1,0.366385018332748,6.89,0.250344827586207,0.0,1
0.294444444444444,1,1,0.36638501833275,6.89,0.250344827586207,0.0,1
0.277777777777778,1,1,0.366385018332748,6.89,0.250344827586207,0.0,1
0.211111111111111,1,1,0.366385018332746,6.89,0.250344827586207,0.0,1
0.161111111111111,1,1,0.36638501833275,6.89,0.250344827586207,0.0,1
0.1,1,1,0.279961502187723,6.89,0.250344827586207,0.0,1
0.65,1,1,0.366385018332749,6.89,0.250344827586207,0.0,1
1.0,1,1,0.366385018332746,6.89,0.250344827586207,0.0,1
0.25,1,1,0.338447883625188,6.89,0.267034482758621,0.0,1
0.2,1,1,0.338447883625191,6.89,0.267034482758621,0.0,1
0.15,1,1,0.338447883625192,6.89,0.267034482758621,0.0,1
0.3,1,1,0.338447883625187,6.89,0.267034482758621,0.0,1
0.294444444444444,1,1,0.338447883625191,6.89,0.267034482758621,0.0,1
0.277777777777778,1,1,0.33844788362519,6.89,0.267034482758621,0.0,1
0.211111111111111,1,1,0.33844788362519,6.89,0.267034482758621,0.0,1
0.161111111111111,1,1,0.33844788362519,6.89,0.267034482758621,0.0,1
0.1,1,1,0.272518365472405,6.89,0.267034482758621,0.0,1
0.65,1,1,0.338447883625189,6.89,0.267034482758621,0.0,1
1.0,1,1,0.338447883625193,6.89,0.267034482758621,0.0,1
0.25,1,1,0.31051080217305,6.89,0.283724137931034,0.0,1
0.2,1,1,0.310511317001663,6.89,0.283724137931034,0.0,1
0.15,1,1,0.310511317001662,6.89,0.283724137931034,0.0,1
0.3,1,1,0.310511317001663,6.89,0.283724137931034,0.0,1
0.294444444444444,1,1,0.31051131700166,6.89,0.283724137931034,0.0,1
0.277777777777778,1,1,0.310511317001663,6.89,0.283724137931034,0.0,1
0.211111111111111,1,1,0.310511317001666,6.89,0.283724137931034,0.0,1
0.161111111111111,1,1,0.31051131700166,6.89,0.283724137931034,0.0,1
0.1,1,1,0.269537317995056,6.89,0.283724137931034,0.0,1
0.65,1,1,0.310510748917635,6.89,0.283724137931034,0.0,1
1.0,1,1,0.310511317001664,6.89,0.283724137931034,0.0,1
0.25,1,1,0.282574131182703,6.89,0.300413793103448,0.0,1
0.2,1,1,0.282573663801079,6.89,0.300413793103448,0.0,1
0.15,1,1,0.282574131182701,6.89,0.300413793103448,0.0,1
0.3,1,1,0.282574131182701,6.89,0.300413793103448,0.0,1
0.294444444444444,1,1,0.282574131182701,6.89,0.300413793103448,0.0,1
0.277777777777778,1,1,0.282573663801078,6.89,0.300413793103448,0.0,1
0.211111111111111,1,1,0.282574131182703,6.89,0.300413793103448,0.0,1
0.161111111111111,1,1,0.282574131182698,6.89,0.300413793103448,0.0,1
0.1,1,1,0.266091699205744,6.89,0.300413793103448,0.0,1
0.65,1,1,0.282573614210063,6.89,0.300413793103448,0.0,1
1.0,1,1,0.282573663801081,6.89,0.300413793103448,0.0,1
0.25,1,1,0.254636945363741,6.89,0.317103448275862,0.0,1
0.2,1,1,0.254636945363741,6.89,0.317103448275862,0.0,1
0.15,1,1,0.254636945363738,6.89,0.317103448275862,0.0,1
0.3,1,1,0.254636945363743,6.89,0.317103448275862,0.0,1
0.294444444444444,1,1,0.254636479502516,6.89,0.317103448275862,0.0,1
0.277777777777778,1,1,0.25463652419062,6.89,0.317103448275862,0.0,1
0.211111111111111,1,1,0.25463694536374,6.89,0.317103448275862,0.0,1
0.161111111111111,1,1,0.254636524190621,6.89,0.317103448275862,0.0,1
0.1,1,1,0.254606998747285,6.89,0.317103448275862,0.0,1
0.65,1,1,0.254636945363742,6.89,0.317103448275862,0.0,1
1.0,1,1,0.254636945363738,6.89,0.317103448275862,0.0,1
0.25,1,1,0.226699759544781,6.89,0.333793103448276,0.0,1
0.2,1,1,0.226699759544783,6.89,0.333793103448276,0.0,1
0.15,1,1,0.226699759544779,6.89,0.333793103448276,0.0,1
0.3,1,1,0.226699759544783,6.89,0.333793103448276,0.0,1
0.294444444444444,1,1,0.226699759544779,6.89,0.333793103448276,0.0,1
0.277777777777778,1,1,0.22669975954478,6.89,0.333793103448276,0.0,1
0.211111111111111,1,1,0.226699759544781,6.89,0.333793103448276,0.0,1
0.161111111111111,1,1,0.226699759544779,6.89,0.333793103448276,0.0,1
0.1,1,1,0.226699759544781,6.89,0.333793103448276,0.0,1
0.65,1,1,0.226699759544781,6.89,0.333793103448276,0.0,1
1.0,1,1,0.226699759544782,6.89,0.333793103448276,0.0,1
0.25,1,1,0.198762573725821,6.89,0.35048275862069,0.0,1
0.2,1,1,0.198762215951809,6.89,0.35048275862069,0.0,1
0.15,1,1,0.19876257372582,6.89,0.35048275862069,0.0,1
0.3,1,1,0.198762215951807,6.89,0.35048275862069,0.0,1
0.294444444444444,1,1,0.19876257372582,6.89,0.35048275862069,0.0,1
0.277777777777778,1,1,0.198762573725821,6.89,0.35048275862069,0.0,1
0.211111111111111,1,1,0.198762573725818,6.89,0.35048275862069,0.0,1
0.161111111111111,1,1,0.19876257372582,6.89,0.35048275862069,0.0,1
0.1,1,1,0.198762573725821,6.89,0.35048275862069,0.0,1
0.65,1,1,0.198762573725821,6.89,0.35048275862069,0.0,1
1.0,1,1,0.19876257372582,6.89,0.35048275862069,0.0,1
0.25,1,1,0.170825387906863,6.89,0.367172413793103,0.0,1
0.2,1,1,0.17082538790686,6.89,0.367172413793103,0.0,1
0.15,1,1,0.17082538790686,6.89,0.367172413793103,0.0,1
0.3,1,1,0.170825387906859,6.89,0.367172413793103,0.0,1
0.294444444444444,1,1,0.170825387906862,6.89,0.367172413793103,0.0,1
0.277777777777778,1,1,0.17082538790686,6.89,0.367172413793103,0.0,1
0.211111111111111,1,1,0.170825387906862,6.89,0.367172413793103,0.0,1
0.161111111111111,1,1,0.170825105359245,6.89,0.367172413793103,0.0,1
0.1,1,1,0.17082538790686,6.89,0.367172413793103,0.0,1
0.65,1,1,0.17082538790686,6.89,0.367172413793103,0.0,1
1.0,1,1,0.17082538790686,6.89,0.367172413793103,0.0,1
0.25,1,1,0.142888202087899,6.89,0.383862068965517,0.0,1
0.2,1,1,0.142887940672291,6.89,0.383862068965517,0.0,1
0.15,1,1,0.142887965748788,6.89,0.383862068965517,0.0,1
0.3,1,1,0.1428882020879,6.89,0.383862068965517,0.0,1
0.294444444444444,1,1,0.142888202087901,6.89,0.383862068965517,0.0,1
0.277777777777778,1,1,0.142888202087901,6.89,0.383862068965517,0.0,1
0.211111111111111,1,1,0.142888202087903,6.89,0.383862068965517,0.0,1
0.161111111111111,1,1,0.1428882020879,6.89,0.383862068965517,0.0,1
0.1,1,1,0.142887965748788,6.89,0.383862068965517,0.0,1
0.65,1,1,0.142888202087901,6.89,0.383862068965517,0.0,1
1.0,1,1,0.142887944888144,6.89,0.383862068965517,0.0,1
0.25,1,1,0.11495101626894,6.89,0.400551724137931,0.0,1
0.2,1,1,0.114951016268942,6.89,0.400551724137931,0.0,1
0.15,1,1,0.11495101626894,6.89,0.400551724137931,0.0,1
0.3,1,1,0.114950826138328,6.89,0.400551724137931,0.0,1
0.294444444444444,1,1,0.114951016268941,6.89,0.400551724137931,0.0,1
0.277777777777778,1,1,0.114951016268941,6.89,0.400551724137931,0.0,1
0.211111111111111,1,1,0.114951016268939,6.89,0.400551724137931,0.0,1
0.161111111111111,1,1,0.114951016268941,6.89,0.400551724137931,0.0,1
0.1,1,1,0.114951016268941,6.89,0.400551724137931,0.0,1
0.65,1,1,0.114951016268942,6.89,0.400551724137931,0.0,1
1.0,1,1,0.114951016268941,6.89,0.400551724137931,0.0,1
0.25,1,1,0.0869850618086064,6.89,0.417241379310345,0.0,1
0.2,1,1,0.0869849182211035,6.89,0.417241379310345,0.0,1
0.15,1,1,0.0869850618086071,6.89,0.417241379310345,0.0,1
0.3,1,1,0.0869850618086074,6.89,0.417241379310345,0.0,1
0.294444444444444,1,1,0.0869850618086068,6.89,0.417241379310345,0.0,1
0.277777777777778,1,1,0.0869850618086071,6.89,0.417241379310345,0.0,1
0.211111111111111,1,1,0.0869850618086068,6.89,0.417241379310345,0.0,1
0.161111111111111,1,1,0.0869850618086069,6.89,0.417241379310345,0.0,1
0.1,1,1,0.0869850618086067,6.89,0.417241379310345,0.0,1
0.65,1,1,0.0869850618086068,6.89,0.417241379310345,0.0,1
1.0,1,1,0.0869850618086075,6.89,0.417241379310345,0.0,1
0.25,1,1,0.0590156013258883,6.89,0.433931034482759,0.0,1
0.2,1,1,0.0590606885801089,6.89,0.433931034482759,0.0,1
0.15,1,1,0.0590156013258887,6.89,0.433931034482759,0.0,1
0.3,1,1,0.0590606885121441,6.89,0.433931034482759,0.0,1
0.294444444444444,1,1,0.0590606880364084,6.89,0.433931034482759,0.0,1
0.277777777777778,1,1,0.0590156013258887,6.89,0.433931034482759,0.0,1
0.211111111111111,1,1,0.0590156013258896,6.89,0.433931034482759,0.0,1
0.161111111111111,1,1,0.0590156013258887,6.89,0.433931034482759,0.0,1
0.1,1,1,0.0590156013258887,6.89,0.433931034482759,0.0,1
0.65,1,1,0.0590156013258896,6.89,0.433931034482759,0.0,1
1.0,1,1,0.0590156013258887,6.89,0.433931034482759,0.0,1
0.25,1,1,0.0309980956826263,6.89,0.450620689655172,0.0,1
0.2,1,1,0.0309980956826266,6.89,0.450620689655172,0.0,1
0.15,1,1,0.0309980447585336,6.89,0.450620689655172,0.0,1
0.3,1,1,0.0309980394812535,6.89,0.450620689655172,0.0,1
0.294444444444444,1,1,0.0309980447585331,6.89,0.450620689655172,0.0,1
0.277777777777778,1,1,0.0309980447585333,6.89,0.450620689655172,0.0,1
0.211111111111111,1,1,0.0309980447585334,6.89,0.450620689655172,0.0,1
0.161111111111111,1,1,0.0309980956826266,6.89,0.450620689655172,0.0,1
0.1,1,1,0.0309980394812535,6.89,0.450620689655172,0.0,1
0.65,1,1,0.0309980956826266,6.89,0.450620689655172,0.0,1
1.0,1,1,0.0309980956826268,6.89,0.450620689655172,0.0,1
0.25,1,1,0.0028534486755966,6.89,0.467310344827586,0.0,1
0.2,1,1,0.0028526658452159,6.89,0.467310344827586,0.0,1
0.15,1,1,0.0028536234187325,6.89,0.467310344827586,0.0,1
0.3,1,1,0.0028507509175831,6.89,0.467310344827586,0.0,1
0.294444444444444,1,1,0.0028509513008709,6.89,0.467310344827586,0.0,1
0.277777777777778,1,1,0.0028526357790582,6.89,0.467310344827586,0.0,1
0.211111111111111,1,1,0.0028535188885002,6.89,0.467310344827586,0.0,1
0.161111111111111,1,1,0.0028535143818398,6.89,0.467310344827586,0.0,1
0.1,1,1,0.0028535144817674,6.89,0.467310344827586,0.0,1
0.65,1,1,0.0028535478061679,6.89,0.467310344827586,0.0,1
1.0,1,1,0.0028504211190592,6.89,0.467310344827586,0.0,1
0.25,1,1,0.0,6.89,0.484,0.0,1
0.2,1,1,0.0,6.89,0.484,0.0,1
0.15,1,1,0.0,6.89,0.484,0.0,1
0.3,1,1,0.0,6.89,0.484,0.0,1
0.294444444444444,1,1,0.0,6.89,0.484,0.0,1
0.277777777777778,1,1,0.0,6.89,0.484,0.0,1
0.211111111111111,1,1,0.0,6.89,0.484,0.0,1
0.161111111111111,1,1,0.0,6.89,0.484,0.0,1
0.1,1,1,0.0,6.89,0.484,0.0,1
0.65,1,1,0.0,6.89,0.484,0.0,1
1.0,1,1,0.0,6.89,0.484,0.0,1
0.25,1,1,0.659327745028792,6.89,0.0,0.0166896551724138,1
0.2,1,1,0.50904004058653,6.89,0.0,0.0166896551724138,1
0.15,1,1,0.363587083895288,6.89,0.0,0.0166896551724138,1
0.3,1,1,0.764942412371068,6.89,0.0,0.0166896551724138,1
0.294444444444444,1,1,0.764942412371068,6.89,0.0,0.0166896551724138,1
0.277777777777778,1,1,0.754332976913942,6.89,0.0,0.0166896551724138,1
0.211111111111111,1,1,0.546542610151889,6.89,0.0,0.0166896551724138,1
0.161111111111111,1,1,0.392873585581379,6.89,0.0,0.0166896551724138,1
0.1,1,1,0.201842460755027,6.89,0.0,0.0166896551724138,1
0.65,1,1,0.764942412371068,6.89,0.0,0.0166896551724138,1
1.0,1,1,0.764942412371082,6.89,0.0,0.0166896551724138,1
0.25,1,1,0.559002776445119,6.89,0.0,0.0333793103448276,1
0.2,1,1,0.401579114103704,6.89,0.0,0.0333793103448276,1
0.15,1,1,0.26277228883855,6.89,0.0,0.0333793103448276,1
0.3,1,1,0.697801188983538,6.89,0.0,0.0333793103448276,1
0.294444444444444,1,1,0.683165583554129,6.89,0.0,0.0333793103448276,1
0.277777777777778,1,1,0.634500344905475,6.89,0.0,0.0333793103448276,1
0.211111111111111,1,1,0.434942110938412,6.89,0.0,0.0333793103448276,1
0.161111111111111,1,1,0.296869779661282,6.89,0.0,0.0333793103448276,1
0.1,1,1,0.0599404543452786,6.89,0.0,0.0333793103448276,1
0.65,1,1,0.724760280399398,6.89,0.0,0.0333793103448276,1
1.0,1,1,0.724760280399409,6.89,0.0,0.0333793103448276,1
0.25,1,1,0.447422641661561,6.89,0.0,0.0500689655172414,1
0.2,1,1,0.305597291089961,6.89,0.0,0.0500689655172414,1
0.15,1,1,0.124001203624507,6.89,0.0,0.0500689655172414,1
0.3,1,1,0.599397564644863,6.89,0.0,0.0500689655172414,1
0.294444444444444,1,1,0.584572857023576,6.89,0.0,0.0500689655172414,1
0.277777777777778,1,1,0.533977862079104,6.89,0.0,0.0500689655172414,1
0.211111111111111,1,1,0.334883847542656,6.89,0.0,0.0500689655172414,1
0.161111111111111,1,1,0.171597034358535,6.89,0.0,0.0500689655172414,1
0.1,1,1,0.0,6.89,0.0,0.0500689655172414,1
0.65,1,1,0.704701992278859,6.89,0.0,0.0500689655172414,1
1.0,1,1,0.704701992278779,6.89,0.0,0.0500689655172414,1
0.25,1,1,0.343605682772729,6.89,0.0,0.0667586206896552,1
0.2,1,1,0.188062884904742,6.89,0.0,0.0667586206896552,1
0.15,1,1,0.0024977214043009,6.89,0.0,0.0667586206896552,1
0.3,1,1,0.492610697251224,6.89,0.0,0.0667586206896552,1
0.294444444444444,1,1,0.476263109907061,6.89,0.0,0.0667586206896552,1
0.277777777777778,1,1,0.422401058186321,6.89,0.0,0.0667586206896552,1
0.211111111111111,1,1,0.229641961466891,6.89,0.0,0.0667586206896552,1
0.161111111111111,1,1,0.0296950310208077,6.89,0.0,0.0667586206896552,1
0.1,1,1,0.0,6.89,0.0,0.0667586206896552,1
0.65,1,1,0.670476622707648,6.89,0.0,0.0667586206896552,1
1.0,1,1,0.670476622707643,6.89,0.0,0.0667586206896552,1
0.25,1,1,0.247472692878558,6.89,0.0,0.083448275862069,1
0.2,1,1,0.04616102984768,6.89,0.0,0.083448275862069,1
0.15,1,1,0.0,6.89,0.0,0.083448275862069,1
0.3,1,1,0.381019987118996,6.89,0.0,0.083448275862069,1
0.294444444444444,1,1,0.364661495541032,6.89,0.0,0.083448275862069,1
0.277777777777778,1,1,0.31860557615709,6.89,0.0,0.083448275862069,1
0.211111111111111,1,1,0.0937563200971984,6.89,0.0,0.083448275862069,1
0.161111111111111,1,1,0.0,6.89,0.0,0.083448275862069,1
0.1,1,1,0.0,6.89,0.0,0.083448275862069,1
0.65,1,1,0.642539471125808,6.89,0.0,0.083448275862069,1
1.0,1,1,0.6425394711258,6.89,0.0,0.083448275862069,1
0.25,1,1,0.110222321308888,6.89,0.0,0.100137931034483,1
0.2,1,1,0.0,6.89,0.0,0.100137931034483,1
0.15,1,1,0.0,6.89,0.0,0.100137931034483,1
0.3,1,1,0.281179749279126,6.89,0.0,0.100137931034483,1
0.294444444444444,1,1,0.268754285490816,6.89,0.0,0.100137931034483,1
0.277777777777778,1,1,0.222320140790529,6.89,0.0,0.100137931034483,1
0.211111111111111,1,1,0.0,6.89,0.0,0.100137931034483,1
0.161111111111111,1,1,0.0,6.89,0.0,0.100137931034483,1
0.1,1,1,0.0,6.89,0.0,0.100137931034483,1
0.65,1,1,0.614602319543972,6.89,0.0,0.100137931034483,1
1.0,1,1,0.614602319543966,6.89,0.0,0.100137931034483,1
0.25,1,1,0.0007359110933473,6.89,0.0,0.116827586206897,1
0.2,1,1,0.0,6.89,0.0,0.116827586206897,1
0.15,1,1,0.0,6.89,0.0,0.116827586206897,1
0.3,1,1,0.174283610385243,6.89,0.0,0.116827586206897,1
0.294444444444444,1,1,0.150485966452829,6.89,0.0,0.116827586206897,1
0.277777777777778,1,1,0.0832008094698223,6.89,0.0,0.116827586206897,1
0.211111111111111,1,1,0.0,6.89,0.0,0.116827586206897,1
0.161111111111111,1,1,0.0,6.89,0.0,0.116827586206897,1
0.1,1,1,0.0,6.89,0.0,0.116827586206897,1
0.65,1,1,0.586665167962125,6.89,0.0,0.116827586206897,1
1.0,1,1,0.586665167962128,6.89,0.0,0.116827586206897,1
0.25,1,1,0.0,6.89,0.0,0.13351724137931,1
0.2,1,1,0.0,6.89,0.0,0.13351724137931,1
0.15,1,1,0.0,6.89,0.0,0.13351724137931,1
0.3,1,1,0.0323816070475111,6.89,0.0,0.13351724137931,1
0.294444444444444,1,1,0.0085839560190764,6.89,0.0,0.13351724137931,1
0.277777777777778,1,1,0.0,6.89,0.0,0.13351724137931,1
0.211111111111111,1,1,0.0,6.89,0.0,0.13351724137931,1
0.161111111111111,1,1,0.0,6.89,0.0,0.13351724137931,1
0.1,1,1,0.0,6.89,0.0,0.13351724137931,1
0.65,1,1,0.558728016380291,6.89,0.0,0.13351724137931,1
1.0,1,1,0.558728016380288,6.89,0.0,0.13351724137931,1
0.25,1,1,0.0,6.89,0.0,0.150206896551724,1
0.2,1,1,0.0,6.89,0.0,0.150206896551724,1
0.15,1,1,0.0,6.89,0.0,0.150206896551724,1
0.3,1,1,0.0,6.89,0.0,0.150206896551724,1
0.294444444444444,1,1,0.0,6.89,0.0,0.150206896551724,1
0.277777777777778,1,1,0.0,6.89,0.0,0.150206896551724,1
0.211111111111111,1,1,0.0,6.89,0.0,0.150206896551724,1
0.161111111111111,1,1,0.0,6.89,0.0,0.150206896551724,1
0.1,1,1,0.0,6.89,0.0,0.150206896551724,1
0.65,1,1,0.530790864798451,6.89,0.0,0.150206896551724,1
1.0,1,1,0.53079086479845,6.89,0.0,0.150206896551724,1
0.25,1,1,0.0,6.89,0.0,0.166896551724138,1
0.2,1,1,0.0,6.89,0.0,0.166896551724138,1
0.15,1,1,0.0,6.89,0.0,0.166896551724138,1
0.3,1,1,0.0,6.89,0.0,0.166896551724138,1
0.294444444444444,1,1,0.0,6.89,0.0,0.166896551724138,1
0.277777777777778,1,1,0.0,6.89,0.0,0.166896551724138,1
0.211111111111111,1,1,0.0,6.89,0.0,0.166896551724138,1
0.161111111111111,1,1,0.0,6.89,0.0,0.166896551724138,1
0.1,1,1,0.0,6.89,0.0,0.166896551724138,1
0.65,1,1,0.502853713216609,6.89,0.0,0.166896551724138,1
1.0,1,1,0.502853713216607,6.89,0.0,0.166896551724138,1
0.25,1,1,0.0,6.89,0.0,0.183586206896552,1
0.2,1,1,0.0,6.89,0.0,0.183586206896552,1
0.15,1,1,0.0,6.89,0.0,0.183586206896552,1
0.3,1,1,0.0,6.89,0.0,0.183586206896552,1
0.294444444444444,1,1,0.0,6.89,0.0,0.183586206896552,1
0.277777777777778,1,1,0.0,6.89,0.0,0.183586206896552,1
0.211111111111111,1,1,0.0,6.89,0.0,0.183586206896552,1
0.161111111111111,1,1,0.0,6.89,0.0,0.183586206896552,1
0.1,1,1,0.0,6.89,0.0,0.183586206896552,1
0.65,1,1,0.474918721949655,6.89,0.0,0.183586206896552,1
1.0,1,1,0.474918721949659,6.89,0.0,0.183586206896552,1
0.25,1,1,0.0,6.89,0.0,0.200275862068965,1
0.2,1,1,0.0,6.89,0.0,0.200275862068965,1
0.15,1,1,0.0,6.89,0.0,0.200275862068965,1
0.3,1,1,0.0,6.89,0.0,0.200275862068965,1
0.294444444444444,1,1,0.0,6.89,0.0,0.200275862068965,1
0.277777777777778,1,1,0.0,6.89,0.0,0.200275862068965,1
0.211111111111111,1,1,0.0,6.89,0.0,0.200275862068965,1
0.161111111111111,1,1,0.0,6.89,0.0,0.200275862068965,1
0.1,1,1,0.0,6.89,0.0,0.200275862068965,1
0.65,1,1,0.446981443286455,6.89,0.0,0.200275862068965,1
1.0,1,1,0.446981443286464,6.89,0.0,0.200275862068965,1
0.25,1,1,0.0,6.89,0.0,0.216965517241379,1
0.2,1,1,0.0,6.89,0.0,0.216965517241379,1
0.15,1,1,0.0,6.89,0.0,0.216965517241379,1
0.3,1,1,0.0,6.89,0.0,0.216965517241379,1
0.294444444444444,1,1,0.0,6.89,0.0,0.216965517241379,1
0.277777777777778,1,1,0.0,6.89,0.0,0.216965517241379,1
0.211111111111111,1,1,0.0,6.89,0.0,0.216965517241379,1
0.161111111111111,1,1,0.0,6.89,0.0,0.216965517241379,1
0.1,1,1,0.0,6.89,0.0,0.216965517241379,1
0.65,1,1,0.419044164623252,6.89,0.0,0.216965517241379,1
1.0,1,1,0.419044164623255,6.89,0.0,0.216965517241379,1
0.25,1,1,0.0,6.89,0.0,0.233655172413793,1
0.2,1,1,0.0,6.89,0.0,0.233655172413793,1
0.15,1,1,0.0,6.89,0.0,0.233655172413793,1
0.3,1,1,0.0,6.89,0.0,0.233655172413793,1
0.294444444444444,1,1,0.0,6.89,0.0,0.233655172413793,1
0.277777777777778,1,1,0.0,6.89,0.0,0.233655172413793,1
0.211111111111111,1,1,0.0,6.89,0.0,0.233655172413793,1
0.161111111111111,1,1,0.0,6.89,0.0,0.233655172413793,1
0.1,1,1,0.0,6.89,0.0,0.233655172413793,1
0.65,1,1,0.391106885960053,6.89,0.0,0.233655172413793,1
1.0,1,1,0.39110688596005,6.89,0.0,0.233655172413793,1
0.25,1,1,0.0,6.89,0.0,0.250344827586207,1
0.2,1,1,0.0,6.89,0.0,0.250344827586207,1
0.15,1,1,0.0,6.89,0.0,0.250344827586207,1
0.3,1,1,0.0,6.89,0.0,0.250344827586207,1
0.294444444444444,1,1,0.0,6.89,0.0,0.250344827586207,1
0.277777777777778,1,1,0.0,6.89,0.0,0.250344827586207,1
0.211111111111111,1,1,0.0,6.89,0.0,0.250344827586207,1
0.161111111111111,1,1,0.0,6.89,0.0,0.250344827586207,1
0.1,1,1,0.0,6.89,0.0,0.250344827586207,1
0.65,1,1,0.362897283167296,6.89,0.0,0.250344827586207,1
1.0,1,1,0.366385018332747,6.89,0.0,0.250344827586207,1
0.25,1,1,0.0,6.89,0.0,0.267034482758621,1
0.2,1,1,0.0,6.89,0.0,0.267034482758621,1
0.15,1,1,0.0,6.89,0.0,0.267034482758621,1
0.3,1,1,0.0,6.89,0.0,0.267034482758621,1
0.294444444444444,1,1,0.0,6.89,0.0,0.267034482758621,1
0.277777777777778,1,1,0.0,6.89,0.0,0.267034482758621,1
0.211111111111111,1,1,0.0,6.89,0.0,0.267034482758621,1
0.161111111111111,1,1,0.0,6.89,0.0,0.267034482758621,1
0.1,1,1,0.0,6.89,0.0,0.267034482758621,1
0.65,1,1,0.269418936452675,6.89,0.0,0.267034482758621,1
1.0,1,1,0.338447883625195,6.89,0.0,0.267034482758621,1
0.25,1,1,0.0,6.89,0.0,0.283724137931034,1
0.2,1,1,0.0,6.89,0.0,0.283724137931034,1
0.15,1,1,0.0,6.89,0.0,0.283724137931034,1
0.3,1,1,0.0,6.89,0.0,0.283724137931034,1
0.294444444444444,1,1,0.0,6.89,0.0,0.283724137931034,1
0.277777777777778,1,1,0.0,6.89,0.0,0.283724137931034,1
0.211111111111111,1,1,0.0,6.89,0.0,0.283724137931034,1
0.161111111111111,1,1,0.0,6.89,0.0,0.283724137931034,1
0.1,1,1,0.0,6.89,0.0,0.283724137931034,1
0.65,1,1,0.158544130134914,6.89,0.0,0.283724137931034,1
1.0,1,1,0.310511317001664,6.89,0.0,0.283724137931034,1
0.25,1,1,0.0,6.89,0.0,0.300413793103448,1
0.2,1,1,0.0,6.89,0.0,0.300413793103448,1
0.15,1,1,0.0,6.89,0.0,0.300413793103448,1
0.3,1,1,0.0,6.89,0.0,0.300413793103448,1
0.294444444444444,1,1,0.0,6.89,0.0,0.300413793103448,1
0.277777777777778,1,1,0.0,6.89,0.0,0.300413793103448,1
0.211111111111111,1,1,0.0,6.89,0.0,0.300413793103448,1
0.161111111111111,1,1,0.0,6.89,0.0,0.300413793103448,1
0.1,1,1,0.0,6.89,0.0,0.300413793103448,1
0.65,1,1,0.0509961620775805,6.89,0.0,0.300413793103448,1
1.0,1,1,0.2825741311827,6.89,0.0,0.300413793103448,1
0.25,1,1,0.0,6.89,0.0,0.317103448275862,1
0.2,1,1,0.0,6.89,0.0,0.317103448275862,1
0.15,1,1,0.0,6.89,0.0,0.317103448275862,1
0.3,1,1,0.0,6.89,0.0,0.317103448275862,1
0.294444444444444,1,1,0.0,6.89,0.0,0.317103448275862,1
0.277777777777778,1,1,0.0,6.89,0.0,0.317103448275862,1
0.211111111111111,1,1,0.0,6.89,0.0,0.317103448275862,1
0.161111111111111,1,1,0.0,6.89,0.0,0.317103448275862,1
0.1,1,1,0.0,6.89,0.0,0.317103448275862,1
0.65,1,1,0.0,6.89,0.0,0.317103448275862,1
1.0,1,1,0.254636945363742,6.89,0.0,0.317103448275862,1
0.25,1,1,0.0,6.89,0.0,0.333793103448276,1
0.2,1,1,0.0,6.89,0.0,0.333793103448276,1
0.15,1,1,0.0,6.89,0.0,0.333793103448276,1
0.3,1,1,0.0,6.89,0.0,0.333793103448276,1
0.294444444444444,1,1,0.0,6.89,0.0,0.333793103448276,1
0.277777777777778,1,1,0.0,6.89,0.0,0.333793103448276,1
0.211111111111111,1,1,0.0,6.89,0.0,0.333793103448276,1
0.161111111111111,1,1,0.0,6.89,0.0,0.333793103448276,1
0.1,1,1,0.0,6.89,0.0,0.333793103448276,1
0.65,1,1,0.0,6.89,0.0,0.333793103448276,1
1.0,1,1,0.226699759544783,6.89,0.0,0.333793103448276,1
0.25,1,1,0.0,6.89,0.0,0.35048275862069,1
0.2,1,1,0.0,6.89,0.0,0.35048275862069,1
0.15,1,1,0.0,6.89,0.0,0.35048275862069,1
0.3,1,1,0.0,6.89,0.0,0.35048275862069,1
0.294444444444444,1,1,0.0,6.89,0.0,0.35048275862069,1
0.277777777777778,1,1,0.0,6.89,0.0,0.35048275862069,1
0.211111111111111,1,1,0.0,6.89,0.0,0.35048275862069,1
0.161111111111111,1,1,0.0,6.89,0.0,0.35048275862069,1
0.1,1,1,0.0,6.89,0.0,0.35048275862069,1
0.65,1,1,0.0,6.89,0.0,0.35048275862069,1
1.0,1,1,0.198762573725824,6.89,0.0,0.35048275862069,1
0.25,1,1,0.0,6.89,0.0,0.367172413793103,1
0.2,1,1,0.0,6.89,0.0,0.367172413793103,1
0.15,1,1,0.0,6.89,0.0,0.367172413793103,1
0.3,1,1,0.0,6.89,0.0,0.367172413793103,1
0.294444444444444,1,1,0.0,6.89,0.0,0.367172413793103,1
0.277777777777778,1,1,0.0,6.89,0.0,0.367172413793103,1
0.211111111111111,1,1,0.0,6.89,0.0,0.367172413793103,1
0.161111111111111,1,1,0.0,6.89,0.0,0.367172413793103,1
0.1,1,1,0.0,6.89,0.0,0.367172413793103,1
0.65,1,1,0.0,6.89,0.0,0.367172413793103,1
1.0,1,1,0.170825075379848,6.89,0.0,0.367172413793103,1
0.25,1,1,0.0,6.89,0.0,0.383862068965517,1
0.2,1,1,0.0,6.89,0.0,0.383862068965517,1
0.15,1,1,0.0,6.89,0.0,0.383862068965517,1
0.3,1,1,0.0,6.89,0.0,0.383862068965517,1
0.294444444444444,1,1,0.0,6.89,0.0,0.383862068965517,1
0.277777777777778,1,1,0.0,6.89,0.0,0.383862068965517,1
0.211111111111111,1,1,0.0,6.89,0.0,0.383862068965517,1
0.161111111111111,1,1,0.0,6.89,0.0,0.383862068965517,1
0.1,1,1,0.0,6.89,0.0,0.383862068965517,1
0.65,1,1,0.0,6.89,0.0,0.383862068965517,1
1.0,1,1,0.142888202087899,6.89,0.0,0.383862068965517,1
0.25,1,1,0.0,6.89,0.0,0.400551724137931,1
0.2,1,1,0.0,6.89,0.0,0.400551724137931,1
0.15,1,1,0.0,6.89,0.0,0.400551724137931,1
0.3,1,1,0.0,6.89,0.0,0.400551724137931,1
0.294444444444444,1,1,0.0,6.89,0.0,0.400551724137931,1
0.277777777777778,1,1,0.0,6.89,0.0,0.400551724137931,1
0.211111111111111,1,1,0.0,6.89,0.0,0.400551724137931,1
0.161111111111111,1,1,0.0,6.89,0.0,0.400551724137931,1
0.1,1,1,0.0,6.89,0.0,0.400551724137931,1
0.65,1,1,0.0,6.89,0.0,0.400551724137931,1
1.0,1,1,0.114951016268941,6.89,0.0,0.400551724137931,1
0.25,1,1,0.0,6.89,0.0,0.417241379310345,1
0.2,1,1,0.0,6.89,0.0,0.417241379310345,1
0.15,1,1,0.0,6.89,0.0,0.417241379310345,1
0.3,1,1,0.0,6.89,0.0,0.417241379310345,1
0.294444444444444,1,1,0.0,6.89,0.0,0.417241379310345,1
0.277777777777778,1,1,0.0,6.89,0.0,0.417241379310345,1
0.211111111111111,1,1,0.0,6.89,0.0,0.417241379310345,1
0.161111111111111,1,1,0.0,6.89,0.0,0.417241379310345,1
0.1,1,1,0.0,6.89,0.0,0.417241379310345,1
0.65,1,1,0.0,6.89,0.0,0.417241379310345,1
1.0,1,1,0.0869850618086066,6.89,0.0,0.417241379310345,1
0.25,1,1,0.0,6.89,0.0,0.433931034482759,1
0.2,1,1,0.0,6.89,0.0,0.433931034482759,1
0.15,1,1,0.0,6.89,0.0,0.433931034482759,1
0.3,1,1,0.0,6.89,0.0,0.433931034482759,1
0.294444444444444,1,1,0.0,6.89,0.0,0.433931034482759,1
0.277777777777778,1,1,0.0,6.89,0.0,0.433931034482759,1
0.211111111111111,1,1,0.0,6.89,0.0,0.433931034482759,1
0.161111111111111,1,1,0.0,6.89,0.0,0.433931034482759,1
0.1,1,1,0.0,6.89,0.0,0.433931034482759,1
0.65,1,1,0.0,6.89,0.0,0.433931034482759,1
1.0,1,1,0.0590156013937475,6.89,0.0,0.433931034482759,1
0.25,1,1,0.0,6.89,0.0,0.450620689655172,1
0.2,1,1,0.0,6.89,0.0,0.450620689655172,1
0.15,1,1,0.0,6.89,0.0,0.450620689655172,1
0.3,1,1,0.0,6.89,0.0,0.450620689655172,1
0.294444444444444,1,1,0.0,6.89,0.0,0.450620689655172,1
0.277777777777778,1,1,0.0,6.89,0.0,0.450620689655172,1
0.211111111111111,1,1,0.0,6.89,0.0,0.450620689655172,1
0.161111111111111,1,1,0.0,6.89,0.0,0.450620689655172,1
0.1,1,1,0.0,6.89,0.0,0.450620689655172,1
0.65,1,1,0.0,6.89,0.0,0.450620689655172,1
1.0,1,1,0.0309980447585335,6.89,0.0,0.450620689655172,1
0.25,1,1,0.0,6.89,0.0,0.467310344827586,1
0.2,1,1,0.0,6.89,0.0,0.467310344827586,1
0.15,1,1,0.0,6.89,0.0,0.467310344827586,1
0.3,1,1,0.0,6.89,0.0,0.467310344827586,1
0.294444444444444,1,1,0.0,6.89,0.0,0.467310344827586,1
0.277777777777778,1,1,0.0,6.89,0.0,0.467310344827586,1
0.211111111111111,1,1,0.0,6.89,0.0,0.467310344827586,1
0.161111111111111,1,1,0.0,6.89,0.0,0.467310344827586,1
0.1,1,1,0.0,6.89,0.0,0.467310344827586,1
0.65,1,1,0.0,6.89,0.0,0.467310344827586,1
1.0,1,1,0.0028526447009811,6.89,0.0,0.467310344827586,1
0.25,1,1,0.0,6.89,0.0,0.484,1
0.2,1,1,0.0,6.89,0.0,0.484,1
0.15,1,1,0.0,6.89,0.0,0.484,1
0.3,1,1,0.0,6.89,0.0,0.484,1
0.294444444444444,1,1,0.0,6.89,0.0,0.484,1
0.277777777777778,1,1,0.0,6.89,0.0,0.484,1
0.211111111111111,1,1,0.0,6.89,0.0,0.484,1
0.161111111111111,1,1,0.0,6.89,0.0,0.484,1
0.1,1,1,0.0,6.89,0.0,0.484,1
0.65,1,1,0.0,6.89,0.0,0.484,1
1.0,1,1,0.0,6.89,0.0,0.484,1
0.35,1,1,0.803891299574485,6.89,0.0,0.0,1
0.4,1,1,0.80389129957449,6.89,0.0,0.0,1
0.45,1,1,0.803891299574483,6.89,0.0,0.0,1
0.5,1,1,0.803891299574494,6.89,0.0,0.0,1
0.55,1,1,0.803891299574485,6.89,0.0,0.0,1
0.6,1,1,0.803891299574468,6.89,0.0,0.0,1
0.12,1,1,0.379265554997935,6.89,0.0,0.0,1
0.17,1,1,0.524647256690127,6.89,0.0,0.0,1
0.22,1,1,0.675498712370398,6.89,0.0,0.0,1
0.32,1,1,0.803891299574465,6.89,0.0,0.0,1
0.7,1,1,0.726987353345694,6.89,0.0,0.0,1
0.8,1,1,0.803891299574485,6.89,0.0,0.0,1
0.9,1,1,0.803891299574448,6.89,0.0,0.0,1
0.05,1,1,0.137781061296251,6.89,0.0,0.0,1
0.35,1,1,0.764942412371073,6.89,0.0166896551724138,0.0,1
0.4,1,1,0.764942412371074,6.89,0.0166896551724138,0.0,1
0.45,1,1,0.764942412371065,6.89,0.0166896551724138,0.0,1
0.5,1,1,0.764942412371113,6.89,0.0166896551724138,0.0,1
0.55,1,1,0.764942412371051,6.89,0.0166896551724138,0.0,1
0.6,1,1,0.764942412371067,6.89,0.0166896551724138,0.0,1
0.12,1,1,0.378120644602771,6.89,0.0166896551724138,0.0,1
0.17,1,1,0.523163936945596,6.89,0.0166896551724138,0.0,1
0.22,1,1,0.672150735221015,6.89,0.0166896551724138,0.0,1
0.32,1,1,0.764942412371066,6.89,0.0166896551724138,0.0,1
0.7,1,1,0.764942412371063,6.89,0.0166896551724138,0.0,1
0.8,1,1,0.764942412371077,6.89,0.0166896551724138,0.0,1
0.9,1,1,0.764942412371068,6.89,0.0166896551724138,0.0,1
0.05,1,1,0.137781171678648,6.89,0.0166896551724138,0.0,1
0.35,1,1,0.724760280399402,6.89,0.0333793103448276,0.0,1
0.4,1,1,0.724760280399383,6.89,0.0333793103448276,0.0,1
0.45,1,1,0.724760280399391,6.89,0.0333793103448276,0.0,1
0.5,1,1,0.7247602803994,6.89,0.0333793103448276,0.0,1
0.55,1,1,0.724760280399387,6.89,0.0333793103448276,0.0,1
0.6,1,1,0.724760280399392,6.89,0.0333793103448276,0.0,1
0.12,1,1,0.372525862932582,6.89,0.0333793103448276,0.0,1
0.17,1,1,0.521679765324198,6.89,0.0333793103448276,0.0,1
0.22,1,1,0.668669488771333,6.89,0.0333793103448276,0.0,1
0.32,1,1,0.724760280399399,6.89,0.0333793103448276,0.0,1
0.7,1,1,0.724760280399396,6.89,0.0333793103448276,0.0,1
0.8,1,1,0.724760280399383,6.89,0.0333793103448276,0.0,1
0.9,1,1,0.724760280399405,6.89,0.0333793103448276,0.0,1
0.05,1,1,0.137781171678689,6.89,0.0333793103448276,0.0,1
0.35,1,1,0.704701992278822,6.89,0.0500689655172414,0.0,1
0.4,1,1,0.704701992278784,6.89,0.0500689655172414,0.0,1
0.45,1,1,0.704701992278776,6.89,0.0500689655172414,0.0,1
0.5,1,1,0.704701992278773,6.89,0.0500689655172414,0.0,1
0.55,1,1,0.70470199227878,6.89,0.0500689655172414,0.0,1
0.6,1,1,0.704701992278781,6.89,0.0500689655172414,0.0,1
0.12,1,1,0.366930297457186,6.89,0.0500689655172414,0.0,1
0.17,1,1,0.520187297568599,6.89,0.0500689655172414,0.0,1
0.22,1,1,0.665074684275125,6.89,0.0500689655172414,0.0,1
0.32,1,1,0.704701992278884,6.89,0.0500689655172414,0.0,1
0.7,1,1,0.704701992278766,6.89,0.0500689655172414,0.0,1
0.8,1,1,0.70470199227878,6.89,0.0500689655172414,0.0,1
0.9,1,1,0.70470199227878,6.89,0.0500689655172414,0.0,1
0.05,1,1,0.137781171678538,6.89,0.0500689655172414,0.0,1
0.35,1,1,0.670476622707632,6.89,0.0667586206896552,0.0,1
0.4,1,1,0.670476622707645,6.89,0.0667586206896552,0.0,1
0.45,1,1,0.670476622707643,6.89,0.0667586206896552,0.0,1
0.5,1,1,0.670476622707639,6.89,0.0667586206896552,0.0,1
0.55,1,1,0.670476622707644,6.89,0.0667586206896552,0.0,1
0.6,1,1,0.670476622707644,6.89,0.0667586206896552,0.0,1
0.12,1,1,0.36133473198179,6.89,0.0667586206896552,0.0,1
0.17,1,1,0.518680301001902,6.89,0.0667586206896552,0.0,1
0.22,1,1,0.656848763890396,6.89,0.0667586206896552,0.0,1
0.32,1,1,0.670476622707639,6.89,0.0667586206896552,0.0,1
0.7,1,1,0.670476622707645,6.89,0.0667586206896552,0.0,1
0.8,1,1,0.670476622707642,6.89,0.0667586206896552,0.0,1
0.35,1,1,0.642539471125803,6.89,0.083448275862069,0.0,1
0.4,1,1,0.642539471125801,6.89,0.083448275862069,0.0,1
0.45,1,1,0.642539471125804,6.89,0.083448275862069,0.0,1
0.5,1,1,0.642539471125806,6.89,0.083448275862069,0.0,1
0.55,1,1,0.642539471125808,6.89,0.083448275862069,0.0,1
0.6,1,1,0.642539471125797,6.89,0.083448275862069,0.0,1
0.12,1,1,0.360190249086345,6.89,0.083448275862069,0.0,1
0.17,1,1,0.516304238644136,6.89,0.083448275862069,0.0,1
0.22,1,1,0.642167200431647,6.89,0.083448275862069,0.0,1
0.32,1,1,0.642539471125804,6.89,0.083448275862069,0.0,1
0.7,1,1,0.642539471125812,6.89,0.083448275862069,0.0,1
0.8,1,1,0.642539471125799,6.89,0.083448275862069,0.0,1
0.9,1,1,0.642539471125807,6.89,0.083448275862069,0.0,1
0.05,1,1,0.137781171678592,6.89,0.083448275862069,0.0,1
0.35,1,1,0.614602319543964,6.89,0.100137931034483,0.0,1
0.4,1,1,0.614602319543966,6.89,0.100137931034483,0.0,1
0.45,1,1,0.614602319543963,6.89,0.100137931034483,0.0,1
0.5,1,1,0.614602319543974,6.89,0.100137931034483,0.0,1
0.55,1,1,0.61460231954397,6.89,0.100137931034483,0.0,1
0.6,1,1,0.614602319543964,6.89,0.100137931034483,0.0,1
0.12,1,1,0.358945405694597,6.89,0.100137931034483,0.0,1
0.17,1,1,0.513005424846975,6.89,0.100137931034483,0.0,1
0.22,1,1,0.614602319543963,6.89,0.100137931034483,0.0,1
0.32,1,1,0.614602319543965,6.89,0.100137931034483,0.0,1
0.7,1,1,0.614602319543962,6.89,0.100137931034483,0.0,1
0.8,1,1,0.614602319543966,6.89,0.100137931034483,0.0,1
0.9,1,1,0.614602319543963,6.89,0.100137931034483,0.0,1
0.05,1,1,0.137781171678599,6.89,0.100137931034483,0.0,1
0.35,1,1,0.586665167962125,6.89,0.116827586206897,0.0,1
0.4,1,1,0.586665167962128,6.89,0.116827586206897,0.0,1
0.45,1,1,0.586665167962124,6.89,0.116827586206897,0.0,1
0.5,1,1,0.586665167962128,6.89,0.116827586206897,0.0,1
0.55,1,1,0.586665167962128,6.89,0.116827586206897,0.0,1
0.6,1,1,0.586665167962127,6.89,0.116827586206897,0.0,1
0.12,1,1,0.357461579836015,6.89,0.116827586206897,0.0,1
0.17,1,1,0.509671299694111,6.89,0.116827586206897,0.0,1
0.22,1,1,0.586665167962127,6.89,0.116827586206897,0.0,1
0.32,1,1,0.586665167962123,6.89,0.116827586206897,0.0,1
0.7,1,1,0.586665167962127,6.89,0.116827586206897,0.0,1
0.8,1,1,0.586665167962127,6.89,0.116827586206897,0.0,1
0.9,1,1,0.586665167962123,6.89,0.116827586206897,0.0,1
0.05,1,1,0.137781171678534,6.89,0.116827586206897,0.0,1
0.35,1,1,0.55872801638029,6.89,0.13351724137931,0.0,1
0.4,1,1,0.558728016380286,6.89,0.13351724137931,0.0,1
0.45,1,1,0.558728016380291,6.89,0.13351724137931,0.0,1
0.5,1,1,0.558728016380291,6.89,0.13351724137931,0.0,1
0.55,1,1,0.558728016380288,6.89,0.13351724137931,0.0,1
0.6,1,1,0.558728016380291,6.89,0.13351724137931,0.0,1
0.12,1,1,0.355977753977428,6.89,0.13351724137931,0.0,1
0.17,1,1,0.501770639999924,6.89,0.13351724137931,0.0,1
0.22,1,1,0.558728016380289,6.89,0.13351724137931,0.0,1
0.32,1,1,0.558728016380288,6.89,0.13351724137931,0.0,1
0.7,1,1,0.558728016380287,6.89,0.13351724137931,0.0,1
0.8,1,1,0.558728016380291,6.89,0.13351724137931,0.0,1
0.9,1,1,0.558728016380287,6.89,0.13351724137931,0.0,1
0.05,1,1,0.137781061296159,6.89,0.13351724137931,0.0,1
0.35,1,1,0.53079086479845,6.89,0.150206896551724,0.0,1
0.4,1,1,0.530790864798446,6.89,0.150206896551724,0.0,1
0.45,1,1,0.530790864798444,6.89,0.150206896551724,0.0,1
0.5,1,1,0.530790864798449,6.89,0.150206896551724,0.0,1
0.55,1,1,0.530790864798445,6.89,0.150206896551724,0.0,1
0.6,1,1,0.53079086479845,6.89,0.150206896551724,0.0,1
0.12,1,1,0.349708889520069,6.89,0.150206896551724,0.0,1
0.17,1,1,0.498225059483316,6.89,0.150206896551724,0.0,1
0.22,1,1,0.53079086479845,6.89,0.150206896551724,0.0,1
0.32,1,1,0.53079086479845,6.89,0.150206896551724,0.0,1
0.7,1,1,0.530790864798446,6.89,0.150206896551724,0.0,1
0.8,1,1,0.530790864798451,6.89,0.150206896551724,0.0,1
0.9,1,1,0.530790864798447,6.89,0.150206896551724,0.0,1
0.05,1,1,0.137781171678609,6.89,0.150206896551724,0.0,1
0.35,1,1,0.502853713216605,6.89,0.166896551724138,0.0,1
0.4,1,1,0.502853713216609,6.89,0.166896551724138,0.0,1
0.45,1,1,0.502853713216612,6.89,0.166896551724138,0.0,1
0.5,1,1,0.502853713216609,6.89,0.166896551724138,0.0,1
0.55,1,1,0.50285371321661,6.89,0.166896551724138,0.0,1
0.6,1,1,0.502853713216612,6.89,0.166896551724138,0.0,1
0.12,1,1,0.348216390596354,6.89,0.166896551724138,0.0,1
0.17,1,1,0.494501943000721,6.89,0.166896551724138,0.0,1
0.22,1,1,0.50285371321661,6.89,0.166896551724138,0.0,1
0.32,1,1,0.502853713216608,6.89,0.166896551724138,0.0,1
0.7,1,1,0.502853713216615,6.89,0.166896551724138,0.0,1
0.8,1,1,0.502853713216611,6.89,0.166896551724138,0.0,1
0.9,1,1,0.502853713216602,6.89,0.166896551724138,0.0,1
0.05,1,1,0.13778117167861,6.89,0.166896551724138,0.0,1
0.35,1,1,0.474918721949659,6.89,0.183586206896552,0.0,1
0.4,1,1,0.47491872194966,6.89,0.183586206896552,0.0,1
0.45,1,1,0.474918721949657,6.89,0.183586206896552,0.0,1
0.5,1,1,0.474918721949658,6.89,0.183586206896552,0.0,1
0.55,1,1,0.474918721949655,6.89,0.183586206896552,0.0,1
0.6,1,1,0.474918721949659,6.89,0.183586206896552,0.0,1
0.12,1,1,0.346722586992402,6.89,0.183586206896552,0.0,1
0.17,1,1,0.474771696497944,6.89,0.183586206896552,0.0,1
0.22,1,1,0.474918721949656,6.89,0.183586206896552,0.0,1
0.32,1,1,0.474918721949654,6.89,0.183586206896552,0.0,1
0.7,1,1,0.47491872194966,6.89,0.183586206896552,0.0,1
0.8,1,1,0.474918721949654,6.89,0.183586206896552,0.0,1
0.9,1,1,0.474918721949659,6.89,0.183586206896552,0.0,1
0.05,1,1,0.137781171678611,6.89,0.183586206896552,0.0,1
0.35,1,1,0.446981443286454,6.89,0.200275862068965,0.0,1
0.4,1,1,0.446981443286454,6.89,0.200275862068965,0.0,1
0.45,1,1,0.446981443286454,6.89,0.200275862068965,0.0,1
0.5,1,1,0.446981443286457,6.89,0.200275862068965,0.0,1
0.55,1,1,0.446981443286455,6.89,0.200275862068965,0.0,1
0.6,1,1,0.446981443286456,6.89,0.200275862068965,0.0,1
0.12,1,1,0.34517043284819,6.89,0.200275862068965,0.0,1
0.17,1,1,0.44698144328645,6.89,0.200275862068965,0.0,1
0.22,1,1,0.44698144328646,6.89,0.200275862068965,0.0,1
0.32,1,1,0.446981443286448,6.89,0.200275862068965,0.0,1
0.7,1,1,0.446981443286447,6.89,0.200275862068965,0.0,1
0.8,1,1,0.44698144328646,6.89,0.200275862068965,0.0,1
0.9,1,1,0.446981443286459,6.89,0.200275862068965,0.0,1
0.05,1,1,0.137628725487662,6.89,0.200275862068965,0.0,1
0.35,1,1,0.419044164623252,6.89,0.216965517241379,0.0,1
0.4,1,1,0.419044164623256,6.89,0.216965517241379,0.0,1
0.45,1,1,0.419044164623253,6.89,0.216965517241379,0.0,1
0.5,1,1,0.419044164623254,6.89,0.216965517241379,0.0,1
0.55,1,1,0.419044164623253,6.89,0.216965517241379,0.0,1
0.6,1,1,0.419044164623255,6.89,0.216965517241379,0.0,1
0.12,1,1,0.342558860324501,6.89,0.216965517241379,0.0,1
0.17,1,1,0.419044164623249,6.89,0.216965517241379,0.0,1
0.22,1,1,0.419044164623253,6.89,0.216965517241379,0.0,1
0.32,1,1,0.419044164623258,6.89,0.216965517241379,0.0,1
0.7,1,1,0.419044164623254,6.89,0.216965517241379,0.0,1
0.8,1,1,0.41904416462325,6.89,0.216965517241379,0.0,1
0.9,1,1,0.419044164623255,6.89,0.216965517241379,0.0,1
0.05,1,1,0.132189014606058,6.89,0.216965517241379,0.0,1
0.35,1,1,0.391106885960052,6.89,0.233655172413793,0.0,1
0.4,1,1,0.391106885960047,6.89,0.233655172413793,0.0,1
0.45,1,1,0.391106885960052,6.89,0.233655172413793,0.0,1
0.5,1,1,0.391106885960053,6.89,0.233655172413793,0.0,1
0.55,1,1,0.391106885960047,6.89,0.233655172413793,0.0,1
0.6,1,1,0.391106885960051,6.89,0.233655172413793,0.0,1
0.12,1,1,0.339288834878998,6.89,0.233655172413793,0.0,1
0.17,1,1,0.391106885960049,6.89,0.233655172413793,0.0,1
0.22,1,1,0.391106885960051,6.89,0.233655172413793,0.0,1
0.32,1,1,0.39110688596005,6.89,0.233655172413793,0.0,1
0.7,1,1,0.391106885960052,6.89,0.233655172413793,0.0,1
0.8,1,1,0.391106885960048,6.89,0.233655172413793,0.0,1
0.9,1,1,0.39110688596005,6.89,0.233655172413793,0.0,1
0.05,1,1,0.131234724587724,6.89,0.233655172413793,0.0,1
0.35,1,1,0.366385018332753,6.89,0.250344827586207,0.0,1
0.4,1,1,0.366385018332748,6.89,0.250344827586207,0.0,1
0.45,1,1,0.366385018332744,6.89,0.250344827586207,0.0,1
0.5,1,1,0.366385018332752,6.89,0.250344827586207,0.0,1
0.55,1,1,0.366385018332753,6.89,0.250344827586207,0.0,1
0.6,1,1,0.366385018332749,6.89,0.250344827586207,0.0,1
0.12,1,1,0.335890004921316,6.89,0.250344827586207,0.0,1
0.17,1,1,0.366385018332749,6.89,0.250344827586207,0.0,1
0.22,1,1,0.366385018332749,6.89,0.250344827586207,0.0,1
0.32,1,1,0.366385018332753,6.89,0.250344827586207,0.0,1
0.7,1,1,0.366385018332746,6.89,0.250344827586207,0.0,1
0.8,1,1,0.366385018332749,6.89,0.250344827586207,0.0,1
0.9,1,1,0.36638501833275,6.89,0.250344827586207,0.0,1
0.05,1,1,0.125714073439926,6.89,0.250344827586207,0.0,1
0.35,1,1,0.338447883625194,6.89,0.267034482758621,0.0,1
0.4,1,1,0.338447883625192,6.89,0.267034482758621,0.0,1
0.45,1,1,0.338447883625191,6.89,0.267034482758621,0.0,1
0.5,1,1,0.338447883625191,6.89,0.267034482758621,0.0,1
0.55,1,1,0.338447883625192,6.89,0.267034482758621,0.0,1
0.6,1,1,0.338447883625194,6.89,0.267034482758621,0.0,1
0.12,1,1,0.332136960546516,6.89,0.267034482758621,0.0,1
0.17,1,1,0.338447883625192,6.89,0.267034482758621,0.0,1
0.22,1,1,0.338447883625193,6.89,0.267034482758621,0.0,1
0.32,1,1,0.338447883625193,6.89,0.267034482758621,0.0,1
0.7,1,1,0.338447883625192,6.89,0.267034482758621,0.0,1
0.8,1,1,0.33844788362519,6.89,0.267034482758621,0.0,1
0.9,1,1,0.338447883625192,6.89,0.267034482758621,0.0,1
0.05,1,1,0.124695298888498,6.89,0.267034482758621,0.0,1
0.35,1,1,0.310511317001663,6.89,0.283724137931034,0.0,1
0.4,1,1,0.310511317001663,6.89,0.283724137931034,0.0,1
0.45,1,1,0.310511317001662,6.89,0.283724137931034,0.0,1
0.5,1,1,0.310510803411538,6.89,0.283724137931034,0.0,1
0.55,1,1,0.310511317001664,6.89,0.283724137931034,0.0,1
0.6,1,1,0.310511317001663,6.89,0.283724137931034,0.0,1
0.12,1,1,0.310511317001661,6.89,0.283724137931034,0.0,1
0.17,1,1,0.31051080341154,6.89,0.283724137931034,0.0,1
0.22,1,1,0.310510803411539,6.89,0.283724137931034,0.0,1
0.32,1,1,0.310510803411536,6.89,0.283724137931034,0.0,1
0.7,1,1,0.310511317001662,6.89,0.283724137931034,0.0,1
0.8,1,1,0.310511317001659,6.89,0.283724137931034,0.0,1
0.9,1,1,0.310511317001659,6.89,0.283724137931034,0.0,1
0.05,1,1,0.11911316002559,6.89,0.283724137931034,0.0,1
0.35,1,1,0.282574131182699,6.89,0.300413793103448,0.0,1
0.4,1,1,0.282574131182701,6.89,0.300413793103448,0.0,1
0.45,1,1,0.2825741311827,6.89,0.300413793103448,0.0,1
0.5,1,1,0.282573622547304,6.89,0.300413793103448,0.0,1
0.55,1,1,0.282573663801079,6.89,0.300413793103448,0.0,1
0.6,1,1,0.282574131182705,6.89,0.300413793103448,0.0,1
0.12,1,1,0.282574131182703,6.89,0.300413793103448,0.0,1
0.17,1,1,0.282573663801079,6.89,0.300413793103448,0.0,1
0.22,1,1,0.282573663801076,6.89,0.300413793103448,0.0,1
0.32,1,1,0.282574131182701,6.89,0.300413793103448,0.0,1
0.7,1,1,0.2825741311827,6.89,0.300413793103448,0.0,1
0.8,1,1,0.282574131182702,6.89,0.300413793103448,0.0,1
0.9,1,1,0.282574131182702,6.89,0.300413793103448,0.0,1
0.05,1,1,0.117971694522279,6.89,0.300413793103448,0.0,1
0.35,1,1,0.254636945363742,6.89,0.317103448275862,0.0,1
0.4,1,1,0.254636945363738,6.89,0.317103448275862,0.0,1
0.45,1,1,0.254636945363739,6.89,0.317103448275862,0.0,1
0.5,1,1,0.254636945363741,6.89,0.317103448275862,0.0,1
0.55,1,1,0.254636945363741,6.89,0.317103448275862,0.0,1
0.6,1,1,0.254636524190622,6.89,0.317103448275862,0.0,1
0.12,1,1,0.25463694536374,6.89,0.317103448275862,0.0,1
0.17,1,1,0.254636945363743,6.89,0.317103448275862,0.0,1
0.22,1,1,0.254636945363739,6.89,0.317103448275862,0.0,1
0.32,1,1,0.25463694536374,6.89,0.317103448275862,0.0,1
0.7,1,1,0.254636945363742,6.89,0.317103448275862,0.0,1
0.8,1,1,0.254636945363744,6.89,0.317103448275862,0.0,1
0.9,1,1,0.254636945363742,6.89,0.317103448275862,0.0,1
0.05,1,1,0.112378865478371,6.89,0.317103448275862,0.0,1
0.35,1,1,0.226699759544782,6.89,0.333793103448276,0.0,1
0.4,1,1,0.22669975954478,6.89,0.333793103448276,0.0,1
0.45,1,1,0.226699759544782,6.89,0.333793103448276,0.0,1
0.5,1,1,0.226699759544779,6.89,0.333793103448276,0.0,1
0.55,1,1,0.226699759544779,6.89,0.333793103448276,0.0,1
0.6,1,1,0.226699759544782,6.89,0.333793103448276,0.0,1
0.12,1,1,0.226699759544781,6.89,0.333793103448276,0.0,1
0.17,1,1,0.22669975954478,6.89,0.333793103448276,0.0,1
0.22,1,1,0.226699384580162,6.89,0.333793103448276,0.0,1
0.32,1,1,0.226699759544781,6.89,0.333793103448276,0.0,1
0.7,1,1,0.226699759544779,6.89,0.333793103448276,0.0,1
0.8,1,1,0.226699759544781,6.89,0.333793103448276,0.0,1
0.9,1,1,0.226699759544783,6.89,0.333793103448276,0.0,1
0.05,1,1,0.110997629301132,6.89,0.333793103448276,0.0,1
0.35,1,1,0.198762573725817,6.89,0.35048275862069,0.0,1
0.4,1,1,0.198762573725819,6.89,0.35048275862069,0.0,1
0.45,1,1,0.198762244969704,6.89,0.35048275862069,0.0,1
0.5,1,1,0.19876257372582,6.89,0.35048275862069,0.0,1
0.55,1,1,0.198762573725819,6.89,0.35048275862069,0.0,1
0.6,1,1,0.198762573725823,6.89,0.35048275862069,0.0,1
0.12,1,1,0.19876257372582,6.89,0.35048275862069,0.0,1
0.17,1,1,0.198762573725822,6.89,0.35048275862069,0.0,1
0.22,1,1,0.19876257372582,6.89,0.35048275862069,0.0,1
0.32,1,1,0.198762573725821,6.89,0.35048275862069,0.0,1
0.7,1,1,0.198762210087404,6.89,0.35048275862069,0.0,1
0.8,1,1,0.198762244969706,6.89,0.35048275862069,0.0,1
0.9,1,1,0.198762215951807,6.89,0.35048275862069,0.0,1
0.05,1,1,0.109388247678232,6.89,0.35048275862069,0.0,1
0.35,1,1,0.170825387906859,6.89,0.367172413793103,0.0,1
0.4,1,1,0.170825387906862,6.89,0.367172413793103,0.0,1
0.45,1,1,0.170825105359245,6.89,0.367172413793103,0.0,1
0.5,1,1,0.170825387906859,6.89,0.367172413793103,0.0,1
0.55,1,1,0.170825105359243,6.89,0.367172413793103,0.0,1
0.6,1,1,0.170825075379845,6.89,0.367172413793103,0.0,1
0.12,1,1,0.17082538790686,6.89,0.367172413793103,0.0,1
0.17,1,1,0.170825105359244,6.89,0.367172413793103,0.0,1
0.22,1,1,0.17082538790686,6.89,0.367172413793103,0.0,1
0.32,1,1,0.17082538790686,6.89,0.367172413793103,0.0,1
0.7,1,1,0.17082538790686,6.89,0.367172413793103,0.0,1
0.8,1,1,0.170825387906857,6.89,0.367172413793103,0.0,1
0.9,1,1,0.170825387906861,6.89,0.367172413793103,0.0,1
0.05,1,1,0.107607264795795,6.89,0.367172413793103,0.0,1
0.35,1,1,0.1428882020879,6.89,0.383862068965517,0.0,1
0.4,1,1,0.142888202087899,6.89,0.383862068965517,0.0,1
0.45,1,1,0.142887965748787,6.89,0.383862068965517,0.0,1
0.5,1,1,0.1428882020879,6.89,0.383862068965517,0.0,1
0.55,1,1,0.142887965748786,6.89,0.383862068965517,0.0,1
0.6,1,1,0.142888202087901,6.89,0.383862068965517,0.0,1
0.12,1,1,0.142887965748788,6.89,0.383862068965517,0.0,1
0.17,1,1,0.142887965748787,6.89,0.383862068965517,0.0,1
0.22,1,1,0.142888202087903,6.89,0.383862068965517,0.0,1
0.32,1,1,0.142888202087899,6.89,0.383862068965517,0.0,1
0.7,1,1,0.142888202087901,6.89,0.383862068965517,0.0,1
0.8,1,1,0.142888202087899,6.89,0.383862068965517,0.0,1
0.9,1,1,0.1428882020879,6.89,0.383862068965517,0.0,1
0.05,1,1,0.105826173139542,6.89,0.383862068965517,0.0,1
0.35,1,1,0.11495101626894,6.89,0.400551724137931,0.0,1
0.4,1,1,0.114951016268942,6.89,0.400551724137931,0.0,1
0.45,1,1,0.114951016268939,6.89,0.400551724137931,0.0,1
0.5,1,1,0.114950826138328,6.89,0.400551724137931,0.0,1
0.55,1,1,0.11495101626894,6.89,0.400551724137931,0.0,1
0.6,1,1,0.114951016268941,6.89,0.400551724137931,0.0,1
0.12,1,1,0.114950826138327,6.89,0.400551724137931,0.0,1
0.17,1,1,0.11495101626894,6.89,0.400551724137931,0.0,1
0.22,1,1,0.11495101626894,6.89,0.400551724137931,0.0,1
0.32,1,1,0.11495101626894,6.89,0.400551724137931,0.0,1
0.7,1,1,0.11495101626894,6.89,0.400551724137931,0.0,1
0.8,1,1,0.11495101626894,6.89,0.400551724137931,0.0,1
0.9,1,1,0.11495101626894,6.89,0.400551724137931,0.0,1
0.05,1,1,0.103313079986207,6.89,0.400551724137931,0.0,1
0.35,1,1,0.0869850618086068,6.89,0.417241379310345,0.0,1
0.4,1,1,0.0869850618086069,6.89,0.417241379310345,0.0,1
0.45,1,1,0.0869850618086074,6.89,0.417241379310345,0.0,1
0.5,1,1,0.0869850618086068,6.89,0.417241379310345,0.0,1
0.55,1,1,0.0869850618086071,6.89,0.417241379310345,0.0,1
0.6,1,1,0.0869850618086069,6.89,0.417241379310345,0.0,1
0.12,1,1,0.086985061808607,6.89,0.417241379310345,0.0,1
0.17,1,1,0.0869850618086063,6.89,0.417241379310345,0.0,1
0.22,1,1,0.0869850618086067,6.89,0.417241379310345,0.0,1
0.32,1,1,0.0869850618086076,6.89,0.417241379310345,0.0,1
0.7,1,1,0.0869850618086074,6.89,0.417241379310345,0.0,1
0.8,1,1,0.0869850618086072,6.89,0.417241379310345,0.0,1
0.9,1,1,0.086985061808607,6.89,0.417241379310345,0.0,1
0.05,1,1,0.0869850618086069,6.89,0.417241379310345,0.0,1
0.35,1,1,0.0590156013258887,6.89,0.433931034482759,0.0,1
0.4,1,1,0.0590606885801087,6.89,0.433931034482759,0.0,1
0.45,1,1,0.059015601325889,6.89,0.433931034482759,0.0,1
0.5,1,1,0.0590156013937475,6.89,0.433931034482759,0.0,1
0.55,1,1,0.0590606885801087,6.89,0.433931034482759,0.0,1
0.6,1,1,0.0590156013937477,6.89,0.433931034482759,0.0,1
0.12,1,1,0.059060688512146,6.89,0.433931034482759,0.0,1
0.17,1,1,0.059015601325889,6.89,0.433931034482759,0.0,1
0.22,1,1,0.0590156013258883,6.89,0.433931034482759,0.0,1
0.32,1,1,0.059015601325889,6.89,0.433931034482759,0.0,1
0.7,1,1,0.0590606903552112,6.89,0.433931034482759,0.0,1
0.8,1,1,0.0590156013258886,6.89,0.433931034482759,0.0,1
0.9,1,1,0.0590607416638877,6.89,0.433931034482759,0.0,1
0.05,1,1,0.0590156013258887,6.89,0.433931034482759,0.0,1
0.35,1,1,0.030998044758533,6.89,0.450620689655172,0.0,1
0.4,1,1,0.0309980956826264,6.89,0.450620689655172,0.0,1
0.45,1,1,0.0309980956826263,6.89,0.450620689655172,0.0,1
0.5,1,1,0.0309980405620592,6.89,0.450620689655172,0.0,1
0.55,1,1,0.0309980447585327,6.89,0.450620689655172,0.0,1
0.6,1,1,0.0309980956826271,6.89,0.450620689655172,0.0,1
0.12,1,1,0.0309980447585331,6.89,0.450620689655172,0.0,1
0.17,1,1,0.0309980956826264,6.89,0.450620689655172,0.0,1
0.22,1,1,0.0309980447585338,6.89,0.450620689655172,0.0,1
0.32,1,1,0.0309980956826264,6.89,0.450620689655172,0.0,1
0.7,1,1,0.0309980447585328,6.89,0.450620689655172,0.0,1
0.8,1,1,0.0309980394812537,6.89,0.450620689655172,0.0,1
0.9,1,1,0.0309980956826265,6.89,0.450620689655172,0.0,1
0.05,1,1,0.0309980956826263,6.89,0.450620689655172,0.0,1
0.35,1,1,0.0028534432115417,6.89,0.467310344827586,0.0,1
0.4,1,1,0.0028530660211094,6.89,0.467310344827586,0.0,1
0.45,1,1,0.0028524367839188,6.89,0.467310344827586,0.0,1
0.5,1,1,0.0028528043681806,6.89,0.467310344827586,0.0,1
0.55,1,1,0.0028526559766338,6.89,0.467310344827586,0.0,1
0.6,1,1,0.0028535478061679,6.89,0.467310344827586,0.0,1
0.12,1,1,0.0028534677971231,6.89,0.467310344827586,0.0,1
0.17,1,1,0.0028526704490648,6.89,0.467310344827586,0.0,1
0.22,1,1,0.002852797985267,6.89,0.467310344827586,0.0,1
0.32,1,1,0.002853214387868,6.89,0.467310344827586,0.0,1
0.7,1,1,0.0028536174148439,6.89,0.467310344827586,0.0,1
0.8,1,1,0.0028510173854298,6.89,0.467310344827586,0.0,1
0.9,1,1,0.0028513481770779,6.89,0.467310344827586,0.0,1
0.05,1,1,0.0028526577634475,6.89,0.467310344827586,0.0,1
0.35,1,1,0.0,6.89,0.484,0.0,1
0.4,1,1,0.0,6.89,0.484,0.0,1
0.45,1,1,0.0,6.89,0.484,0.0,1
0.5,1,1,0.0,6.89,0.484,0.0,1
0.55,1,1,0.0,6.89,0.484,0.0,1
0.6,1,1,0.0,6.89,0.484,0.0,1
0.12,1,1,0.0,6.89,0.484,0.0,1
0.17,1,1,0.0,6.89,0.484,0.0,1
0.22,1,1,0.0,6.89,0.484,0.0,1
0.32,1,1,0.0,6.89,0.484,0.0,1
0.7,1,1,0.0,6.89,0.484,0.0,1
0.8,1,1,0.0,6.89,0.484,0.0,1
0.9,1,1,0.0,6.89,0.484,0.0,1
0.05,1,1,0.0,6.89,0.484,0.0,1
0.35,1,1,0.76494241237107,6.89,0.0,0.0166896551724138,1
0.4,1,1,0.764942412371042,6.89,0.0,0.0166896551724138,1
0.45,1,1,0.764942412371066,6.89,0.0,0.0166896551724138,1
0.5,1,1,0.717038169531329,6.89,0.0,0.0166896551724138,1
0.55,1,1,0.764942412371065,6.89,0.0,0.0166896551724138,1
0.6,1,1,0.764942412371091,6.89,0.0,0.0166896551724138,1
0.12,1,1,0.278465064553155,6.89,0.0,0.0166896551724138,1
0.17,1,1,0.417172253314337,6.89,0.0,0.0166896551724138,1
0.22,1,1,0.574618963529786,6.89,0.0,0.0166896551724138,1
0.32,1,1,0.764942412371067,6.89,0.0,0.0166896551724138,1
0.7,1,1,0.764942412371065,6.89,0.0,0.0166896551724138,1
0.8,1,1,0.764942412371067,6.89,0.0,0.0166896551724138,1
0.9,1,1,0.764942412371064,6.89,0.0,0.0166896551724138,1
0.05,1,1,0.0041357506181442,6.89,0.0,0.0166896551724138,1
0.35,1,1,0.724760280399394,6.89,0.0,0.0333793103448276,1
0.4,1,1,0.724760280399394,6.89,0.0,0.0333793103448276,1
0.45,1,1,0.724760280399405,6.89,0.0,0.0333793103448276,1
0.5,1,1,0.724760280399392,6.89,0.0,0.0333793103448276,1
0.55,1,1,0.724760280399392,6.89,0.0,0.0333793103448276,1
0.6,1,1,0.724760280399388,6.89,0.0,0.0333793103448276,1
0.12,1,1,0.148893205060038,6.89,0.0,0.0333793103448276,1
0.17,1,1,0.321191739228215,6.89,0.0,0.0333793103448276,1
0.22,1,1,0.463030570035753,6.89,0.0,0.0333793103448276,1
0.32,1,1,0.724760280399394,6.89,0.0,0.0333793103448276,1
0.7,1,1,0.724760280399387,6.89,0.0,0.0333793103448276,1
0.8,1,1,0.724760280399395,6.89,0.0,0.0333793103448276,1
0.9,1,1,0.724760280399392,6.89,0.0,0.0333793103448276,1
0.05,1,1,0.0,6.89,0.0,0.0333793103448276,1
0.35,1,1,0.704701992278775,6.89,0.0,0.0500689655172414,1
0.4,1,1,0.704701992278778,6.89,0.0,0.0500689655172414,1
0.45,1,1,0.704701992278787,6.89,0.0,0.0500689655172414,1
0.5,1,1,0.704701992278675,6.89,0.0,0.0500689655172414,1
0.55,1,1,0.704701992278691,6.89,0.0,0.0500689655172414,1
0.6,1,1,0.704701992278744,6.89,0.0,0.0500689655172414,1
0.12,1,1,0.0029165517264928,6.89,0.0,0.0500689655172414,1
0.17,1,1,0.216844642125793,6.89,0.0,0.0500689655172414,1
0.22,1,1,0.35920038845247,6.89,0.0,0.0500689655172414,1
0.32,1,1,0.654275914445957,6.89,0.0,0.0500689655172414,1
0.7,1,1,0.704701992278781,6.89,0.0,0.0500689655172414,1
0.8,1,1,0.704701992278828,6.89,0.0,0.0500689655172414,1
0.9,1,1,0.704701992278825,6.89,0.0,0.0500689655172414,1
0.05,1,1,0.0,6.89,0.0,0.0500689655172414,1
0.35,1,1,0.637998946391341,6.89,0.0,0.0667586206896552,1
0.4,1,1,0.670476622707644,6.89,0.0,0.0667586206896552,1
0.45,1,1,0.670476622707644,6.89,0.0,0.0667586206896552,1
0.5,1,1,0.670476622707644,6.89,0.0,0.0667586206896552,1
0.55,1,1,0.670476622707643,6.89,0.0,0.0667586206896552,1
0.6,1,1,0.670476622707632,6.89,0.0,0.0667586206896552,1
0.12,1,1,0.0,6.89,0.0,0.0667586206896552,1
0.17,1,1,0.0572782602586131,6.89,0.0,0.0667586206896552,1
0.22,1,1,0.263165906967824,6.89,0.0,0.0667586206896552,1
0.32,1,1,0.555634160262269,6.89,0.0,0.0667586206896552,1
0.7,1,1,0.670476622707644,6.89,0.0,0.0667586206896552,1
0.8,1,1,0.670476622707643,6.89,0.0,0.0667586206896552,1
0.9,1,1,0.670476622707644,6.89,0.0,0.0667586206896552,1
0.05,1,1,0.0,6.89,0.0,0.0667586206896552,1
0.35,1,1,0.534893579382566,6.89,0.0,0.083448275862069,1
0.4,1,1,0.642539471125797,6.89,0.0,0.083448275862069,1
0.45,1,1,0.642539471125805,6.89,0.0,0.083448275862069,1
0.5,1,1,0.642539471125798,6.89,0.0,0.083448275862069,1
0.55,1,1,0.642539471125803,6.89,0.0,0.083448275862069,1
0.6,1,1,0.642539471125801,6.89,0.0,0.083448275862069,1
0.12,1,1,0.0,6.89,0.0,0.083448275862069,1
0.17,1,1,0.0,6.89,0.0,0.083448275862069,1
0.22,1,1,0.126903248602632,6.89,0.0,0.083448275862069,1
0.32,1,1,0.446611560051678,6.89,0.0,0.083448275862069,1
0.7,1,1,0.642539471125798,6.89,0.0,0.083448275862069,1
0.8,1,1,0.642539471125798,6.89,0.0,0.083448275862069,1
0.9,1,1,0.642539471125801,6.89,0.0,0.083448275862069,1
0.05,1,1,0.0,6.89,0.0,0.083448275862069,1
0.35,1,1,0.431003631677487,6.89,0.0,0.100137931034483,1
0.4,1,1,0.578192384994884,6.89,0.0,0.100137931034483,1
0.45,1,1,0.614602319543964,6.89,0.0,0.100137931034483,1
0.5,1,1,0.614602319543961,6.89,0.0,0.100137931034483,1
0.55,1,1,0.614602319543968,6.89,0.0,0.100137931034483,1
0.6,1,1,0.614602319543966,6.89,0.0,0.100137931034483,1
0.12,1,1,0.0,6.89,0.0,0.100137931034483,1
0.17,1,1,0.0,6.89,0.0,0.100137931034483,1
0.22,1,1,0.0014068045260843,6.89,0.0,0.100137931034483,1
0.32,1,1,0.334759335998141,6.89,0.0,0.100137931034483,1
0.7,1,1,0.614602319543959,6.89,0.0,0.100137931034483,1
0.8,1,1,0.614602319543967,6.89,0.0,0.100137931034483,1
0.9,1,1,0.614602319543962,6.89,0.0,0.100137931034483,1
0.05,1,1,0.0,6.89,0.0,0.100137931034483,1
0.35,1,1,0.319166504601965,6.89,0.0,0.116827586206897,1
0.4,1,1,0.474943443184879,6.89,0.0,0.116827586206897,1
0.45,1,1,0.586665167962126,6.89,0.0,0.116827586206897,1
0.5,1,1,0.586665167962133,6.89,0.0,0.116827586206897,1
0.55,1,1,0.586665167962127,6.89,0.0,0.116827586206897,1
0.6,1,1,0.58666516796213,6.89,0.0,0.116827586206897,1
0.12,1,1,0.0,6.89,0.0,0.116827586206897,1
0.17,1,1,0.0,6.89,0.0,0.116827586206897,1
0.22,1,1,0.0,6.89,0.0,0.116827586206897,1
0.32,1,1,0.238779065375315,6.89,0.0,0.116827586206897,1
0.7,1,1,0.586665167962128,6.89,0.0,0.116827586206897,1
0.8,1,1,0.586665167962126,6.89,0.0,0.116827586206897,1
0.9,1,1,0.586665167962127,6.89,0.0,0.116827586206897,1
0.05,1,1,0.0,6.89,0.0,0.116827586206897,1
0.35,1,1,0.22318360293079,6.89,0.0,0.13351724137931,1
0.4,1,1,0.364600877358493,6.89,0.0,0.13351724137931,1
0.45,1,1,0.51387337765676,6.89,0.0,0.13351724137931,1
0.5,1,1,0.558728016380287,6.89,0.0,0.13351724137931,1
0.55,1,1,0.558728016380289,6.89,0.0,0.13351724137931,1
0.6,1,1,0.558728016380289,6.89,0.0,0.13351724137931,1
0.12,1,1,0.0,6.89,0.0,0.13351724137931,1
0.17,1,1,0.0,6.89,0.0,0.13351724137931,1
0.22,1,1,0.0,6.89,0.0,0.13351724137931,1
0.32,1,1,0.113123729902647,6.89,0.0,0.13351724137931,1
0.7,1,1,0.55872801638029,6.89,0.0,0.13351724137931,1
0.8,1,1,0.558728016380288,6.89,0.0,0.13351724137931,1
0.9,1,1,0.558728016380288,6.89,0.0,0.13351724137931,1
0.05,1,1,0.0,6.89,0.0,0.13351724137931,1
0.35,1,1,0.0964428164814303,6.89,0.0,0.150206896551724,1
0.4,1,1,0.261198872961684,6.89,0.0,0.150206896551724,1
0.45,1,1,0.414546509490922,6.89,0.0,0.150206896551724,1
0.5,1,1,0.530776797274937,6.89,0.0,0.150206896551724,1
0.55,1,1,0.53079086479845,6.89,0.0,0.150206896551724,1
0.6,1,1,0.530790864798446,6.89,0.0,0.150206896551724,1
0.12,1,1,0.0,6.89,0.0,0.150206896551724,1
0.17,1,1,0.0,6.89,0.0,0.150206896551724,1
0.22,1,1,0.0,6.89,0.0,0.150206896551724,1
0.32,1,1,0.0036936510803007,6.89,0.0,0.150206896551724,1
0.7,1,1,0.530790864798454,6.89,0.0,0.150206896551724,1
0.8,1,1,0.53079086479845,6.89,0.0,0.150206896551724,1
0.9,1,1,0.530790864798449,6.89,0.0,0.150206896551724,1
0.05,1,1,0.0,6.89,0.0,0.150206896551724,1
0.35,1,1,0.0,6.89,0.0,0.166896551724138,1
0.4,1,1,0.160260521530612,6.89,0.0,0.166896551724138,1
0.45,1,1,0.30298340912408,6.89,0.0,0.166896551724138,1
0.5,1,1,0.454038937685887,6.89,0.0,0.166896551724138,1
0.55,1,1,0.502853713216609,6.89,0.0,0.166896551724138,1
0.6,1,1,0.502853713216611,6.89,0.0,0.166896551724138,1
0.12,1,1,0.0,6.89,0.0,0.166896551724138,1
0.17,1,1,0.0,6.89,0.0,0.166896551724138,1
0.22,1,1,0.0,6.89,0.0,0.166896551724138,1
0.32,1,1,0.0,6.89,0.0,0.166896551724138,1
0.7,1,1,0.502853713216609,6.89,0.0,0.166896551724138,1
0.8,1,1,0.502853713216606,6.89,0.0,0.166896551724138,1
0.9,1,1,0.502853713216608,6.89,0.0,0.166896551724138,1
0.05,1,1,0.0,6.89,0.0,0.166896551724138,1
0.35,1,1,0.0,6.89,0.0,0.183586206896552,1
0.4,1,1,0.0186021669596005,6.89,0.0,0.183586206896552,1
0.45,1,1,0.203206720739703,6.89,0.0,0.183586206896552,1
0.5,1,1,0.348138264200472,6.89,0.0,0.183586206896552,1
0.55,1,1,0.474818527460329,6.89,0.0,0.183586206896552,1
0.6,1,1,0.474918721949656,6.89,0.0,0.183586206896552,1
0.12,1,1,0.0,6.89,0.0,0.183586206896552,1
0.17,1,1,0.0,6.89,0.0,0.183586206896552,1
0.22,1,1,0.0,6.89,0.0,0.183586206896552,1
0.32,1,1,0.0,6.89,0.0,0.183586206896552,1
0.7,1,1,0.47491872194966,6.89,0.0,0.183586206896552,1
0.8,1,1,0.474918721949658,6.89,0.0,0.183586206896552,1
0.9,1,1,0.474918721949656,6.89,0.0,0.183586206896552,1
0.05,1,1,0.0,6.89,0.0,0.183586206896552,1
0.35,1,1,0.0,6.89,0.0,0.200275862068965,1
0.4,1,1,0.0,6.89,0.0,0.200275862068965,1
0.45,1,1,0.0826634709390851,6.89,0.0,0.200275862068965,1
0.5,1,1,0.241198531666691,6.89,0.0,0.200275862068965,1
0.55,1,1,0.394131126255662,6.89,0.0,0.200275862068965,1
0.6,1,1,0.446981443286457,6.89,0.0,0.200275862068965,1
0.12,1,1,0.0,6.89,0.0,0.200275862068965,1
0.17,1,1,0.0,6.89,0.0,0.200275862068965,1
0.22,1,1,0.0,6.89,0.0,0.200275862068965,1
0.32,1,1,0.0,6.89,0.0,0.200275862068965,1
0.7,1,1,0.446981443286458,6.89,0.0,0.200275862068965,1
0.8,1,1,0.446981443286461,6.89,0.0,0.200275862068965,1
0.9,1,1,0.446981443286458,6.89,0.0,0.200275862068965,1
0.05,1,1,0.0,6.89,0.0,0.200275862068965,1
0.35,1,1,0.0,6.89,0.0,0.216965517241379,1
0.4,1,1,0.0,6.89,0.0,0.216965517241379,1
0.45,1,1,0.0,6.89,0.0,0.216965517241379,1
0.5,1,1,0.136074547145801,6.89,0.0,0.216965517241379,1
0.55,1,1,0.286553660884336,6.89,0.0,0.216965517241379,1
0.6,1,1,0.418857905313809,6.89,0.0,0.216965517241379,1
0.12,1,1,0.0,6.89,0.0,0.216965517241379,1
0.17,1,1,0.0,6.89,0.0,0.216965517241379,1
0.22,1,1,0.0,6.89,0.0,0.216965517241379,1
0.32,1,1,0.0,6.89,0.0,0.216965517241379,1
0.7,1,1,0.419044164623256,6.89,0.0,0.216965517241379,1
0.8,1,1,0.419044164623252,6.89,0.0,0.216965517241379,1
0.9,1,1,0.419044164623252,6.89,0.0,0.216965517241379,1
0.05,1,1,0.0,6.89,0.0,0.216965517241379,1
0.35,1,1,0.0,6.89,0.0,0.233655172413793,1
0.4,1,1,0.0,6.89,0.0,0.233655172413793,1
0.45,1,1,0.0,6.89,0.0,0.233655172413793,1
0.5,1,1,0.004822899119173,6.89,0.0,0.233655172413793,1
0.55,1,1,0.178791363312704,6.89,0.0,0.233655172413793,1
0.6,1,1,0.329598472630883,6.89,0.0,0.233655172413793,1
0.12,1,1,0.0,6.89,0.0,0.233655172413793,1
0.17,1,1,0.0,6.89,0.0,0.233655172413793,1
0.22,1,1,0.0,6.89,0.0,0.233655172413793,1
0.32,1,1,0.0,6.89,0.0,0.233655172413793,1
0.7,1,1,0.39110688596005,6.89,0.0,0.233655172413793,1
0.8,1,1,0.391106885960049,6.89,0.0,0.233655172413793,1
0.9,1,1,0.391106885960052,6.89,0.0,0.233655172413793,1
0.05,1,1,0.0,6.89,0.0,0.233655172413793,1
0.35,1,1,0.0,6.89,0.0,0.250344827586207,1
0.4,1,1,0.0,6.89,0.0,0.250344827586207,1
0.45,1,1,0.0,6.89,0.0,0.250344827586207,1
0.5,1,1,0.0,6.89,0.0,0.250344827586207,1
0.55,1,1,0.0645930948145077,6.89,0.0,0.250344827586207,1
0.6,1,1,0.224943987904066,6.89,0.0,0.250344827586207,1
0.12,1,1,0.0,6.89,0.0,0.250344827586207,1
0.17,1,1,0.0,6.89,0.0,0.250344827586207,1
0.22,1,1,0.0,6.89,0.0,0.250344827586207,1
0.32,1,1,0.0,6.89,0.0,0.250344827586207,1
0.7,1,1,0.36638501833275,6.89,0.0,0.250344827586207,1
0.8,1,1,0.366385018332751,6.89,0.0,0.250344827586207,1
0.9,1,1,0.366385018332746,6.89,0.0,0.250344827586207,1
0.05,1,1,0.0,6.89,0.0,0.250344827586207,1
0.35,1,1,0.0,6.89,0.0,0.267034482758621,1
0.4,1,1,0.0,6.89,0.0,0.267034482758621,1
0.45,1,1,0.0,6.89,0.0,0.267034482758621,1
0.5,1,1,0.0,6.89,0.0,0.267034482758621,1
0.55,1,1,0.0,6.89,0.0,0.267034482758621,1
0.6,1,1,0.120750256891715,6.89,0.0,0.267034482758621,1
0.12,1,1,0.0,6.89,0.0,0.267034482758621,1
0.17,1,1,0.0,6.89,0.0,0.267034482758621,1
0.22,1,1,0.0,6.89,0.0,0.267034482758621,1
0.32,1,1,0.0,6.89,0.0,0.267034482758621,1
0.7,1,1,0.338447883625191,6.89,0.0,0.267034482758621,1
0.8,1,1,0.338447883625191,6.89,0.0,0.267034482758621,1
0.9,1,1,0.33844788362519,6.89,0.0,0.267034482758621,1
0.05,1,1,0.0,6.89,0.0,0.267034482758621,1
0.35,1,1,0.0,6.89,0.0,0.283724137931034,1
0.4,1,1,0.0,6.89,0.0,0.283724137931034,1
0.45,1,1,0.0,6.89,0.0,0.283724137931034,1
0.5,1,1,0.0,6.89,0.0,0.283724137931034,1
0.55,1,1,0.0,6.89,0.0,0.283724137931034,1
0.6,1,1,0.0033791624139254,6.89,0.0,0.283724137931034,1
0.12,1,1,0.0,6.89,0.0,0.283724137931034,1
0.17,1,1,0.0,6.89,0.0,0.283724137931034,1
0.22,1,1,0.0,6.89,0.0,0.283724137931034,1
0.32,1,1,0.0,6.89,0.0,0.283724137931034,1
0.7,1,1,0.306804402692582,6.89,0.0,0.283724137931034,1
0.8,1,1,0.310510803411537,6.89,0.0,0.283724137931034,1
0.9,1,1,0.310510803411539,6.89,0.0,0.283724137931034,1
0.05,1,1,0.0,6.89,0.0,0.283724137931034,1
0.35,1,1,0.0,6.89,0.0,0.300413793103448,1
0.4,1,1,0.0,6.89,0.0,0.300413793103448,1
0.45,1,1,0.0,6.89,0.0,0.300413793103448,1
0.5,1,1,0.0,6.89,0.0,0.300413793103448,1
0.55,1,1,0.0,6.89,0.0,0.300413793103448,1
0.6,1,1,0.0,6.89,0.0,0.300413793103448,1
0.12,1,1,0.0,6.89,0.0,0.300413793103448,1
0.17,1,1,0.0,6.89,0.0,0.300413793103448,1
0.22,1,1,0.0,6.89,0.0,0.300413793103448,1
0.32,1,1,0.0,6.89,0.0,0.300413793103448,1
0.7,1,1,0.20835788646588,6.89,0.0,0.300413793103448,1
0.8,1,1,0.282574131182701,6.89,0.0,0.300413793103448,1
0.9,1,1,0.282574131182703,6.89,0.0,0.300413793103448,1
0.05,1,1,0.0,6.89,0.0,0.300413793103448,1
0.35,1,1,0.0,6.89,0.0,0.317103448275862,1
0.4,1,1,0.0,6.89,0.0,0.317103448275862,1
0.45,1,1,0.0,6.89,0.0,0.317103448275862,1
0.5,1,1,0.0,6.89,0.0,0.317103448275862,1
0.55,1,1,0.0,6.89,0.0,0.317103448275862,1
0.6,1,1,0.0,6.89,0.0,0.317103448275862,1
0.12,1,1,0.0,6.89,0.0,0.317103448275862,1
0.17,1,1,0.0,6.89,0.0,0.317103448275862,1
0.22,1,1,0.0,6.89,0.0,0.317103448275862,1
0.32,1,1,0.0,6.89,0.0,0.317103448275862,1
0.7,1,1,0.100814468555954,6.89,0.0,0.317103448275862,1
0.8,1,1,0.254636945363742,6.89,0.0,0.317103448275862,1
0.9,1,1,0.254636524190621,6.89,0.0,0.317103448275862,1
0.05,1,1,0.0,6.89,0.0,0.317103448275862,1
0.35,1,1,0.0,6.89,0.0,0.333793103448276,1
0.4,1,1,0.0,6.89,0.0,0.333793103448276,1
0.45,1,1,0.0,6.89,0.0,0.333793103448276,1
0.5,1,1,0.0,6.89,0.0,0.333793103448276,1
0.55,1,1,0.0,6.89,0.0,0.333793103448276,1
0.6,1,1,0.0,6.89,0.0,0.333793103448276,1
0.12,1,1,0.0,6.89,0.0,0.333793103448276,1
0.17,1,1,0.0,6.89,0.0,0.333793103448276,1
0.22,1,1,0.0,6.89,0.0,0.333793103448276,1
0.32,1,1,0.0,6.89,0.0,0.333793103448276,1
0.7,1,1,0.0016172542990165,6.89,0.0,0.333793103448276,1
0.8,1,1,0.226699759544782,6.89,0.0,0.333793103448276,1
0.9,1,1,0.226699759544778,6.89,0.0,0.333793103448276,1
0.05,1,1,0.0,6.89,0.0,0.333793103448276,1
0.35,1,1,0.0,6.89,0.0,0.35048275862069,1
0.4,1,1,0.0,6.89,0.0,0.35048275862069,1
0.45,1,1,0.0,6.89,0.0,0.35048275862069,1
0.5,1,1,0.0,6.89,0.0,0.35048275862069,1
0.55,1,1,0.0,6.89,0.0,0.35048275862069,1
0.6,1,1,0.0,6.89,0.0,0.35048275862069,1
0.12,1,1,0.0,6.89,0.0,0.35048275862069,1
0.17,1,1,0.0,6.89,0.0,0.35048275862069,1
0.22,1,1,0.0,6.89,0.0,0.35048275862069,1
0.32,1,1,0.0,6.89,0.0,0.35048275862069,1
0.7,1,1,0.0,6.89,0.0,0.35048275862069,1
0.8,1,1,0.188738890816279,6.89,0.0,0.35048275862069,1
0.9,1,1,0.198762573725819,6.89,0.0,0.35048275862069,1
0.05,1,1,0.0,6.89,0.0,0.35048275862069,1
0.35,1,1,0.0,6.89,0.0,0.367172413793103,1
0.4,1,1,0.0,6.89,0.0,0.367172413793103,1
0.45,1,1,0.0,6.89,0.0,0.367172413793103,1
0.5,1,1,0.0,6.89,0.0,0.367172413793103,1
0.55,1,1,0.0,6.89,0.0,0.367172413793103,1
0.6,1,1,0.0,6.89,0.0,0.367172413793103,1
0.12,1,1,0.0,6.89,0.0,0.367172413793103,1
0.17,1,1,0.0,6.89,0.0,0.367172413793103,1
0.22,1,1,0.0,6.89,0.0,0.367172413793103,1
0.32,1,1,0.0,6.89,0.0,0.367172413793103,1
0.7,1,1,0.0,6.89,0.0,0.367172413793103,1
0.8,1,1,0.0803824750099579,6.89,0.0,0.367172413793103,1
0.9,1,1,0.170825387906859,6.89,0.0,0.367172413793103,1
0.05,1,1,0.0,6.89,0.0,0.367172413793103,1
0.35,1,1,0.0,6.89,0.0,0.383862068965517,1
0.4,1,1,0.0,6.89,0.0,0.383862068965517,1
0.45,1,1,0.0,6.89,0.0,0.383862068965517,1
0.5,1,1,0.0,6.89,0.0,0.383862068965517,1
0.55,1,1,0.0,6.89,0.0,0.383862068965517,1
0.6,1,1,0.0,6.89,0.0,0.383862068965517,1
0.12,1,1,0.0,6.89,0.0,0.383862068965517,1
0.17,1,1,0.0,6.89,0.0,0.383862068965517,1
0.22,1,1,0.0,6.89,0.0,0.383862068965517,1
0.32,1,1,0.0,6.89,0.0,0.383862068965517,1
0.7,1,1,0.0,6.89,0.0,0.383862068965517,1
0.8,1,1,0.0039043565314227,6.89,0.0,0.383862068965517,1
0.9,1,1,0.14288794067229,6.89,0.0,0.383862068965517,1
0.05,1,1,0.0,6.89,0.0,0.383862068965517,1
0.35,1,1,0.0,6.89,0.0,0.400551724137931,1
0.4,1,1,0.0,6.89,0.0,0.400551724137931,1
0.45,1,1,0.0,6.89,0.0,0.400551724137931,1
0.5,1,1,0.0,6.89,0.0,0.400551724137931,1
0.55,1,1,0.0,6.89,0.0,0.400551724137931,1
0.6,1,1,0.0,6.89,0.0,0.400551724137931,1
0.12,1,1,0.0,6.89,0.0,0.400551724137931,1
0.17,1,1,0.0,6.89,0.0,0.400551724137931,1
0.22,1,1,0.0,6.89,0.0,0.400551724137931,1
0.32,1,1,0.0,6.89,0.0,0.400551724137931,1
0.7,1,1,0.0,6.89,0.0,0.400551724137931,1
0.8,1,1,0.0,6.89,0.0,0.400551724137931,1
0.9,1,1,0.11495101626894,6.89,0.0,0.400551724137931,1
0.05,1,1,0.0,6.89,0.0,0.400551724137931,1
0.35,1,1,0.0,6.89,0.0,0.417241379310345,1
0.4,1,1,0.0,6.89,0.0,0.417241379310345,1
0.45,1,1,0.0,6.89,0.0,0.417241379310345,1
0.5,1,1,0.0,6.89,0.0,0.417241379310345,1
0.55,1,1,0.0,6.89,0.0,0.417241379310345,1
0.6,1,1,0.0,6.89,0.0,0.417241379310345,1
0.12,1,1,0.0,6.89,0.0,0.417241379310345,1
0.17,1,1,0.0,6.89,0.0,0.417241379310345,1
0.22,1,1,0.0,6.89,0.0,0.417241379310345,1
0.32,1,1,0.0,6.89,0.0,0.417241379310345,1
0.7,1,1,0.0,6.89,0.0,0.417241379310345,1
0.8,1,1,0.0,6.89,0.0,0.417241379310345,1
0.9,1,1,0.0630868071468768,6.89,0.0,0.417241379310345,1
0.05,1,1,0.0,6.89,0.0,0.417241379310345,1
0.35,1,1,0.0,6.89,0.0,0.433931034482759,1
0.4,1,1,0.0,6.89,0.0,0.433931034482759,1
0.45,1,1,0.0,6.89,0.0,0.433931034482759,1
0.5,1,1,0.0,6.89,0.0,0.433931034482759,1
0.55,1,1,0.0,6.89,0.0,0.433931034482759,1
0.6,1,1,0.0,6.89,0.0,0.433931034482759,1
0.12,1,1,0.0,6.89,0.0,0.433931034482759,1
0.17,1,1,0.0,6.89,0.0,0.433931034482759,1
0.22,1,1,0.0,6.89,0.0,0.433931034482759,1
0.32,1,1,0.0,6.89,0.0,0.433931034482759,1
0.7,1,1,0.0,6.89,0.0,0.433931034482759,1
0.8,1,1,0.0,6.89,0.0,0.433931034482759,1
0.9,1,1,0.0,6.89,0.0,0.433931034482759,1
0.05,1,1,0.0,6.89,0.0,0.433931034482759,1
0.35,1,1,0.0,6.89,0.0,0.450620689655172,1
0.4,1,1,0.0,6.89,0.0,0.450620689655172,1
0.45,1,1,0.0,6.89,0.0,0.450620689655172,1
0.5,1,1,0.0,6.89,0.0,0.450620689655172,1
0.55,1,1,0.0,6.89,0.0,0.450620689655172,1
0.6,1,1,0.0,6.89,0.0,0.450620689655172,1
0.12,1,1,0.0,6.89,0.0,0.450620689655172,1
0.17,1,1,0.0,6.89,0.0,0.450620689655172,1
0.22,1,1,0.0,6.89,0.0,0.450620689655172,1
0.32,1,1,0.0,6.89,0.0,0.450620689655172,1
0.7,1,1,0.0,6.89,0.0,0.450620689655172,1
0.8,1,1,0.0,6.89,0.0,0.450620689655172,1
0.9,1,1,0.0,6.89,0.0,0.450620689655172,1
0.05,1,1,0.0,6.89,0.0,0.450620689655172,1
0.35,1,1,0.0,6.89,0.0,0.467310344827586,1
0.4,1,1,0.0,6.89,0.0,0.467310344827586,1
0.45,1,1,0.0,6.89,0.0,0.467310344827586,1
0.5,1,1,0.0,6.89,0.0,0.467310344827586,1
0.55,1,1,0.0,6.89,0.0,0.467310344827586,1
0.6,1,1,0.0,6.89,0.0,0.467310344827586,1
0.12,1,1,0.0,6.89,0.0,0.467310344827586,1
0.17,1,1,0.0,6.89,0.0,0.467310344827586,1
0.22,1,1,0.0,6.89,0.0,0.467310344827586,1
0.32,1,1,0.0,6.89,0.0,0.467310344827586,1
0.7,1,1,0.0,6.89,0.0,0.467310344827586,1
0.8,1,1,0.0,6.89,0.0,0.467310344827586,1
0.9,1,1,0.0,6.89,0.0,0.467310344827586,1
0.05,1,1,0.0,6.89,0.0,0.467310344827586,1
0.35,1,1,0.0,6.89,0.0,0.484,1
0.4,1,1,0.0,6.89,0.0,0.484,1
0.45,1,1,0.0,6.89,0.0,0.484,1
0.5,1,1,0.0,6.89,0.0,0.484,1
0.55,1,1,0.0,6.89,0.0,0.484,1
0.6,1,1,0.0,6.89,0.0,0.484,1
0.12,1,1,0.0,6.89,0.0,0.484,1
0.17,1,1,0.0,6.89,0.0,0.484,1
0.22,1,1,0.0,6.89,0.0,0.484,1
0.32,1,1,0.0,6.89,0.0,0.484,1
0.7,1,1,0.0,6.89,0.0,0.484,1
0.8,1,1,0.0,6.89,0.0,0.484,1
0.9,1,1,0.0,6.89,0.0,0.484,1
