Gamma,Z_Level,Y_Level,rx_EX_ac_e_f,rx_ATPS4rpp_f,rx_BIOMASS_Ec_iML1515_WT_75p37M
0.25,0.0,0.0,0.0,0.0,0.0
0.25,0.0,0.0,0.0,0.0,0.0
0.25,0.0,0.0,0.0,6.59582425422754,0.0124765471796948
0.25,0.0,0.0,0.0,7.6814968952716,0.0274287610976605
0.25,0.0,0.0,0.0,8.76691290900494,0.0423930493108773
0.25,0.0,0.0,0.0,9.84483031780189,0.0573200776182175
0.25,0.0,0.0,0.0,10.9282648923259,0.0722756801330281
0.25,0.0,0.0,0.0,12.0569907161418,0.0872312826478074
0.25,0.0,0.0,0.0,13.0953906443334,0.102186885162587
0.25,0.0,0.0,0.0,14.1788984964329,0.11714238168319
0.25,0.0,0.0,0.0,15.2799211573679,0.13202784995916
0.25,0.0,0.0,0.0,16.3838985211592,0.146913161055546
0.25,0.0,0.0,0.0,17.4879600960058,0.161798472151932
0.25,0.0,0.0,0.0,18.5918540420616,0.176683783248357
0.25,0.0,0.0,0.0,19.6959307498325,0.191569094344744
0.25,0.0,0.0,0.0,20.7998675553164,0.206454568844562
0.25,0.0,0.0,0.0,21.9038885969136,0.221339759666247
0.25,0.0,0.0,0.0,23.007886730631,0.236225027633746
0.25,0.0,0.0,0.0,24.1118720575532,0.251110338730131
0.25,0.0,0.0,0.0,25.2158573844539,0.265995649826575
0.25,0.0,0.0,0.0,26.3197970856943,0.280881114574476
0.25,0.0,0.0,0.0,27.4236651551065,0.295766305402394
0.25,0.0,0.0,0.0,28.5276274075991,0.310651705479679
0.25,0.0,0.0,0.0,29.6317757112989,0.325536971603602
0.25,0.0,0.0,0.0,30.7355702760844,0.340422332190041
0.25,0.0,0.0,0.0,31.8395836377146,0.355307522948904
0.25,0.0,0.0,0.0,33.0009769737264,0.36999947586634
0.25,0.0,0.0,0.0,34.1656932539045,0.384680242760774
0.25,0.0,0.0,0.0,35.3306154175912,0.399361009655206
0.25,0.0,0.0,0.0,36.4950612166629,0.414041776549646
0.25,0.0,0.0,0.0,37.6597745876141,0.428722543444082
0.25,0.0,0.0,0.0,38.824487958567,0.443403310338517
0.25,0.0,0.0,0.0,39.9970154234814,0.457543834958326
0.25,0.0,0.0,0.0,41.1763441809507,0.471636909904861
0.25,0.0,0.0,0.0,42.35567293842,0.485729984851396
0.25,0.0,0.0,0.0,43.5350016958893,0.499823059797927
0.25,0.0,0.0,0.0,44.7143304533559,0.513916134744464
0.25,0.0,0.0,0.0,45.9304000980721,0.528009209691
0.25,0.0,0.0,0.0,47.1107095052486,0.542102284637536
0.25,0.0,0.0,0.0,48.2525552803013,0.556192529952491
0.25,0.0,0.0,0.0,49.4719073117538,0.570281561100967
0.25,0.0,0.0,0.0,50.6525573534418,0.58437059224944
0.25,0.0,0.0,0.0,51.8337158283092,0.598453587599857
0.25,0.0,0.0,0.0,53.003709192493,0.612532980219264
0.25,0.0,0.0,0.0,54.1753015687105,0.626391642207562
0.25,0.0,0.0,0.0,55.4539404002201,0.639805074610491
0.25,0.0,0.0,0.0,56.7324866882936,0.653218191400632
0.25,0.0,0.0,0.0,58.0110589791997,0.666629912666519
0.25,0.0,0.0,0.0,59.2913350072255,0.680029480536073
0.25,0.0,0.0,0.0,60.571329589859,0.693429048405623
0.25,0.0,0.0,0.0,61.8538448072423,0.706809604057272
0.25,0.0,0.0,0.0,63.1396572255914,0.72015960487665
0.25,0.0,0.0,0.331430073448408,63.3582105478269,0.72698950544223
0.25,0.0,0.0,0.689060141207073,63.4926161830444,0.733301783253076
0.25,0.0,0.0,1.04677560683232,63.6270126957819,0.739609904679169
0.25,0.0,0.0,1.40449492229193,63.7614127190068,0.745918026105261
0.25,0.0,0.0,1.7622418820635,63.8958154790548,0.752226147531357
0.25,0.0,0.0,2.11996142934694,64.0302155252306,0.758534268957451
0.25,0.0,0.0,2.47768097663015,64.1646155714064,0.764842390383546
0.25,0.0,0.0,2.83537218413158,64.2990128119067,0.77115051180964
0.25,0.0,0.0,3.27053588747538,64.4625097473767,0.778824309008396
0.25,0.0,0.0,3.27145288646232,64.4628542763966,0.778840479622361
0.25,0.0,0.0,3.27787187937218,64.465265979536,0.778953673920123
0.25,0.0,0.0,3.29529486012813,64.471812030915,0.779260915585468
0.25,0.0,0.0,3.32922382265157,64.4845596046527,0.779859228302213
0.25,0.0,0.0,3.38516076086721,64.5055758748689,0.780845635754133
0.25,0.0,0.0,3.46860766869638,64.5369280156833,0.782317161625034
0.25,0.0,0.0,3.5850665400631,64.5806832012155,0.784370829598702
0.25,0.0,0.0,3.7400393688888,64.6389086055851,0.78710366335894
0.25,0.0,0.0,3.93902814909708,64.7136714029116,0.790612686589544
0.25,0.0,0.0,4.19161284329426,64.810655849615,0.79480507701627
0.25,0.0,0.0,4.51877440989441,64.9329261426981,0.79909380665744
0.25,0.0,0.0,4.99971420843503,64.7109567675862,0.802721543856276
0.25,0.0,0.0,5.57226230663553,64.4176978041085,0.806750800452836
0.25,0.0,0.0,6.24003162372581,64.0756665609939,0.811450167954588
0.25,0.0,0.0,7.01034686885202,63.6811113244202,0.81687119335423
0.25,0.0,0.0,7.89053275115952,63.2302803805703,0.823065423644474
0.25,0.0,0.0,8.88058268079981,62.747869793516,0.830019639604589
0.25,0.0,0.0,9.97650303609569,62.2778427673416,0.83776074095442
0.25,0.0,0.0,11.2012149021342,61.7525786151303,0.846411569122291
0.25,0.0,0.0,12.6507145885202,60.8618678566104,0.855644630811477
0.25,0.0,0.0,14.0822174790393,60.6321464529077,0.864425594527633
0.25,0.0,0.0,15.3115879812613,59.8654923733872,0.871426457022501
0.25,0.0,0.0,16.6580267517231,59.0258757357506,0.87909211618888
0.25,0.0,0.0,18.126788465122,58.1099805622387,0.887454194687019
0.25,0.0,0.0,19.723257591576,57.1144898966017,0.896541578142247
0.25,0.0,0.0,21.4525692173034,56.036084745901,0.906387317305056
0.25,0.0,0.0,23.3202147997829,54.8714540397603,0.917020311880165
0.25,0.0,0.0,25.3320273047782,53.6172880839229,0.928458768415722
0.25,0.0,0.0,27.4938589566538,52.1529989201396,0.940184254300095
0.25,0.0,0.0,29.8451175243859,50.5963831091522,0.951988884404349
0.25,0.0,0.0,32.0550194065953,47.5816993408371,0.963886610987618
0.25,0.0,0.0,34.4285246502042,44.3717259712874,0.97626307241534
0.25,0.0,0.0,36.9792229395695,41.681280128825,0.985193576687653
0.25,0.0,0.0,39.7391627434996,38.051374922125,0.990777737652503
0.25,0.0,0.0,42.672323743413,34.1726641307116,0.996463034456574
0.25,0.0,0.0,44.9860252388031,31.098194815774,0.999972170751554
0.25,0.0,0.0,44.9860252388031,31.0981948157739,0.999972170751555
0.25,0.0,0.0,44.9860252388031,31.0981948157735,0.999972170751556
0.25,0.0,0.0,44.9860252388031,31.0981948157733,0.999972170751556
0.25,0.02,0.0,0.0,0.0,0.0
0.25,0.02,0.0,0.0,0.0,0.0
0.25,0.02,0.0,0.0,6.59565462807698,0.0124767554981948
0.25,0.02,0.0,0.0,7.68074186507512,0.0274341006543481
0.25,0.02,0.0,0.0,8.76574362196679,0.0424013015436543
0.25,0.02,0.0,0.0,9.84469385680464,0.0573164625478747
0.25,0.02,0.0,0.0,10.9281005931922,0.0722711218406561
0.25,0.02,0.0,0.0,12.0134963355479,0.0872257811335202
0.25,0.02,0.0,0.0,13.0973570519124,0.102180440426306
0.25,0.02,0.0,0.0,14.1811212267726,0.117135099719131
0.25,0.02,0.0,0.0,15.2799894421722,0.13202784995916
0.25,0.02,0.0,0.0,16.3838987856027,0.146913161055546
0.25,0.02,0.0,0.0,17.487876413826,0.161798472151966
0.25,0.02,0.0,0.0,18.5919454229144,0.176683783248357
0.25,0.02,0.0,0.0,19.6958214695171,0.191569241221369
0.25,0.02,0.0,0.0,20.7997875937286,0.206454421904173
0.25,0.02,0.0,0.0,21.9037623240282,0.221339716537418
0.25,0.02,0.0,0.0,23.0078867306134,0.236225027633804
0.25,0.02,0.0,0.0,24.1118720575356,0.25111033873019
0.25,0.02,0.0,0.0,25.2158166678602,0.265995786945999
0.25,0.02,0.0,0.0,26.3198396148117,0.2808809713511
0.25,0.02,0.0,0.0,27.423641762564,0.295766384180261
0.25,0.02,0.0,0.0,28.5276227677587,0.310651644045047
0.25,0.02,0.0,0.0,29.6316115885014,0.325536957308178
0.25,0.02,0.0,0.0,30.7407708027989,0.340405411543196
0.25,0.02,0.0,0.0,31.9053103592952,0.355086178437633
0.25,0.02,0.0,0.0,33.0702172169324,0.369766945332065
0.25,0.02,0.0,0.0,34.2347415876395,0.3844477122265
0.25,0.02,0.0,0.0,35.3996636310639,0.399128479120937
0.25,0.02,0.0,0.0,36.564109585933,0.413809246015374
0.25,0.02,0.0,0.0,37.7284734647999,0.428288772996343
0.25,0.02,0.0,0.0,38.9078022222707,0.442381847942877
0.25,0.02,0.0,0.0,40.0871309797388,0.456474922889414
0.25,0.02,0.0,0.0,41.2664597372062,0.470567997835948
0.25,0.02,0.0,0.0,42.4457884946782,0.484661072782483
0.25,0.02,0.0,0.0,43.6251172521467,0.498754147729018
0.25,0.02,0.0,0.0,44.8401318681879,0.512847222675553
0.25,0.02,0.0,0.0,46.0206429524159,0.526937903439355
0.25,0.02,0.0,0.0,47.2012929941025,0.54102693458783
0.25,0.02,0.0,0.0,48.3433159932991,0.55511596531111
0.25,0.02,0.0,0.0,49.5628709908346,0.569201697672684
0.25,0.02,0.0,0.0,50.744332946361,0.583281090292094
0.25,0.02,0.0,0.0,51.8884138247877,0.597265543757503
0.25,0.02,0.0,0.0,53.1669188185503,0.610678988408252
0.25,0.02,0.0,0.0,54.4454511602127,0.624092200280901
0.25,0.02,0.0,0.0,55.7241265955388,0.637505317071041
0.25,0.02,0.0,0.0,57.0040266604607,0.650906910850145
0.25,0.02,0.0,0.0,58.2841647386452,0.6643064787197
0.25,0.02,0.0,0.0,59.5667066547511,0.677685585720125
0.25,0.02,0.0,0.0,60.8533723438184,0.691028375023283
0.25,0.02,0.0,0.0,62.1448110754609,0.704332971717632
0.25,0.02,0.0,0.0673685105127142,63.2179513907329,0.716321058638261
0.25,0.02,0.0,0.424793120198734,63.3523741282796,0.722644136155621
0.25,0.02,0.0,0.782510509544042,63.4867743093689,0.728952358042668
0.25,0.02,0.0,1.14020303600474,63.6211716804481,0.73526047946876
0.25,0.02,0.0,1.49792235146491,63.7555717036731,0.741568600894853
0.25,0.02,0.0,1.85566915139448,63.8899744478964,0.747876722320944
0.25,0.02,0.0,2.22399083365803,64.029546298573,0.753691270580512
0.25,0.02,0.0,2.63240367504964,64.0480857250069,0.757639409819679
0.25,0.02,0.0,3.0507340345033,64.0105487314048,0.761124678331661
0.25,0.02,0.0,3.55968643239206,63.9648016642446,0.765364489511183
0.25,0.02,0.0,3.56075886972367,63.964705343101,0.765373423855953
0.25,0.02,0.0,3.56826593104764,63.9640310950938,0.765435964269347
0.25,0.02,0.0,3.58864224035568,63.9622009933597,0.765605716819986
0.25,0.02,0.0,3.62832242163996,63.958637111034,0.765936287576493
0.25,0.02,0.0,3.69374109889184,63.9527615212549,0.766481282607491
0.25,0.02,0.0,3.79133289610358,63.9439962971585,0.767294307981605
0.25,0.02,0.0,3.92753243726734,63.931763511881,0.768428969767457
0.25,0.02,0.0,4.10874605112181,63.9155196383272,0.769938874033653
0.25,0.02,0.0,4.34146488091554,63.8946180367185,0.771877626848856
0.25,0.02,0.0,4.63209530890775,63.8685151148924,0.774298834281643
0.25,0.02,0.0,4.98707195711887,63.836632948383,0.777256102400663
0.25,0.02,0.0,5.48300244206421,63.5552490902679,0.780504104895981
0.25,0.02,0.0,6.1110569959225,63.0776412798129,0.78416206865457
0.25,0.02,0.0,6.84355930642585,62.520608438992,0.788428393123526
0.25,0.02,0.0,7.68860810876093,61.8779127660201,0.793349875280604
0.25,0.02,0.0,8.65407532806876,61.1437879065622,0.798973312103494
0.25,0.02,0.0,9.74819927024643,60.3116833872199,0.805345500569936
0.25,0.02,0.0,10.9788652503526,59.3758155074321,0.812513237657647
0.25,0.02,0.0,12.3541579180014,58.3299653305642,0.820523320344353
0.25,0.02,0.0,13.6368079072955,58.4123285122097,0.828631863455773
0.25,0.02,0.0,14.9609435107015,58.9771856004188,0.837292097568051
0.25,0.02,0.0,16.4199587003506,59.5516839438652,0.84651727359478
0.25,0.02,0.0,17.8079976523373,58.8510242508739,0.854039153675852
0.25,0.02,0.0,19.2795605667912,57.8723412578353,0.862012555028425
0.25,0.02,0.0,20.8790082487057,56.8086067554433,0.870678877198604
0.25,0.02,0.0,22.6165854806007,55.6540858243576,0.879951977455333
0.25,0.02,0.0,24.5139604518029,54.3979434715996,0.889477464107852
0.25,0.02,0.0,26.3239627682212,52.0064055536587,0.899179626554018
0.25,0.02,0.0,28.2379062802604,49.3043335657286,0.909531846814732
0.25,0.02,0.0,30.288487772313,46.4094510877583,0.920623121741905
0.25,0.02,0.0,32.5121878950301,43.4230142664944,0.932379049039025
0.25,0.02,0.0,34.8862317616736,40.8993591302024,0.942405440224748
0.25,0.02,0.0,37.4824299861972,37.4945405173433,0.94776479849701
0.25,0.02,0.0,40.248027517022,33.8374182569809,0.953125401357353
0.25,0.02,0.0,43.1812104768403,29.9585256135468,0.95880907328629
0.25,0.02,0.0,44.7916680885704,27.8145581109825,0.960992877203896
0.25,0.02,0.0,44.7916684089806,27.814563524267,0.960992941463744
0.25,0.02,0.0,44.7916689411641,27.814572515432,0.960993048195796
0.25,0.02,0.0,44.7916689411643,27.8145725154325,0.960993048195804
0.25,0.04,0.0,0.0,0.0,0.0
0.25,0.04,0.0,0.0,0.0,0.0
0.25,0.04,0.0,0.0,6.59579274501489,0.0124768958089772
0.25,0.04,0.0,0.0,7.68149041673094,0.0274288175176832
0.25,0.04,0.0,0.0,8.76728623351369,0.0423904145765221
0.25,0.04,0.0,0.0,9.84482450807026,0.0573200831652731
0.25,0.04,0.0,0.0,10.928265080803,0.0722756801329884
0.25,0.04,0.0,0.0,12.0118434111291,0.0872313480567531
0.25,0.04,0.0,0.0,13.0953906443799,0.102186885162431
0.25,0.04,0.0,0.0,14.178867024857,0.117142487677268
0.25,0.04,0.0,0.0,15.2799211574025,0.132027849959045
0.25,0.04,0.0,0.0,16.383974769107,0.146913161055489
0.25,0.04,0.0,0.0,17.4878715914217,0.161798487411355
0.25,0.04,0.0,0.0,18.5918540421072,0.176683783248202
0.25,0.04,0.0,0.0,19.6959253849367,0.191569112411854
0.25,0.04,0.0,0.0,20.7999160767811,0.206454405441031
0.25,0.04,0.0,0.0,21.9037531060868,0.221339716537419
0.25,0.04,0.0,0.0,23.0078867306127,0.236225027633804
0.25,0.04,0.0,0.0,24.1118362842098,0.251110459202383
0.25,0.04,0.0,0.0,25.2158573256673,0.265995650024546
0.25,0.04,0.0,0.0,26.3198278581739,0.2808810109434
0.25,0.04,0.0,0.0,27.4238280382817,0.295766272019367
0.25,0.04,0.0,0.0,28.527625262064,0.310651677071339
0.25,0.04,0.0,0.0,29.6449274646882,0.325492114114491
0.25,0.04,0.0,0.0,30.8098190162746,0.340172881008925
0.25,0.04,0.0,0.0,31.9743586930346,0.354853647903359
0.25,0.04,0.0,0.0,33.139265430407,0.369534414797794
0.25,0.04,0.0,0.0,34.303789921377,0.38421518169223
0.25,0.04,0.0,0.0,35.4687118445332,0.398895948586667
0.25,0.04,0.0,0.0,36.6393060771832,0.413126242559697
0.25,0.04,0.0,0.0,37.8185890210577,0.42721986092743
0.25,0.04,0.0,0.0,38.9979177785285,0.441312935873965
0.25,0.04,0.0,0.0,40.177246535997,0.4554060108205
0.25,0.04,0.0,0.0,41.3565752934647,0.469499085767034
0.25,0.04,0.0,0.0,42.5359040509349,0.48359216071357
0.25,0.04,0.0,0.0,43.715453145506,0.497682622115927
0.25,0.04,0.0,0.0,44.8950676145209,0.511772308074691
0.25,0.04,0.0,0.0,46.0747375552154,0.525861336052177
0.25,0.04,0.0,0.0,47.2545143077554,0.539949097073336
0.25,0.04,0.0,0.0,48.4349996318377,0.554028453322881
0.25,0.04,0.0,0.0,49.6566831915265,0.568089525127218
0.25,0.04,0.0,0.0,50.8800310746244,0.581552889958195
0.25,0.04,0.0,0.0,52.1586481092452,0.594965380946754
0.25,0.04,0.0,0.0,53.4370943190166,0.608379325951318
0.25,0.04,0.0,0.0,54.7165896440257,0.621784341164225
0.25,0.04,0.0,0.0,55.9967249493543,0.635183909033781
0.25,0.04,0.0,0.0,57.2795685022592,0.648561567382987
0.25,0.04,0.0,0.0,58.5672244325065,0.661897145169926
0.25,0.04,0.0,0.0,59.8583804417181,0.675201741864272
0.25,0.04,0.0,0.0,61.1496734213895,0.688506338558613
0.25,0.04,0.0,0.0,62.4411116311281,0.70181093525296
0.25,0.04,0.0,0.201017832269478,63.1570404978645,0.710100356312094
0.25,0.04,0.0,0.618295852142863,63.1219503774672,0.713634738369478
0.25,0.04,0.0,1.03667380820472,63.0843403832752,0.717120006881486
0.25,0.04,0.0,1.45683060187219,63.1130569885486,0.72052018393143
0.25,0.04,0.0,1.87880513191395,63.2081878667549,0.723836964884209
0.25,0.04,0.0,2.30080638485538,63.3033273344645,0.727153745837007
0.25,0.04,0.0,2.72278103678792,63.39845825185,0.730470526789788
0.25,0.04,0.0,3.2408994854862,62.9138710949414,0.733638928497241
0.25,0.04,0.0,3.76375400857177,62.4007268390252,0.736800020995254
0.25,0.04,0.0,4.39975707430378,61.7766029213513,0.740645473724844
0.25,0.04,0.0,4.40109739020057,61.7752874980608,0.740653577057518
0.25,0.04,0.0,4.41047960147749,61.766079535027,0.740710300386281
0.25,0.04,0.0,4.43594560351436,61.7410864925071,0.740864263707176
0.25,0.04,0.0,4.48554131515258,61.6924162542827,0.741164087016316
0.25,0.04,0.0,4.56734339181548,61.6120614303593,0.741658390309745
0.25,0.04,0.0,4.68926933813058,61.4924719148372,0.742395793583553
0.25,0.04,0.0,4.85954394294614,61.3252225339254,0.743423687198443
0.25,0.04,0.0,5.08599881339311,61.1031061966335,0.744794380056585
0.25,0.04,0.0,5.37671618914893,60.8784406614662,0.746488951008653
0.25,0.04,0.0,5.73955761947071,60.6026598195786,0.748603986395367
0.25,0.04,0.0,6.18281163406809,60.2655844461183,0.751185619666345
0.25,0.04,0.0,6.71440402526918,59.8614053908845,0.754282019692271
0.25,0.04,0.0,7.34250340639932,59.3836893602684,0.757939983450848
0.25,0.04,0.0,8.07496649948698,58.8267572891542,0.762206307919824
0.25,0.04,0.0,8.92000560940861,58.1840676384067,0.767127790076885
0.25,0.04,0.0,9.88554798393256,57.4497423078899,0.772749847889215
0.25,0.04,0.0,10.9796177179237,56.6177595904729,0.779122122584597
0.25,0.04,0.0,12.2102749764055,55.6818936749613,0.786289847779048
0.25,0.04,0.0,13.2946040353502,56.1119714750702,0.793363419632899
0.25,0.04,0.0,14.4927314925164,56.6230753114268,0.801199523615533
0.25,0.04,0.0,15.8196937925412,57.1351900205184,0.809522708781315
0.25,0.04,0.0,17.2877579476313,57.5052590340837,0.81748163150728
0.25,0.04,0.0,18.90637947109,57.8849786704826,0.825835220528091
0.25,0.04,0.0,20.3659686066471,56.7512973848932,0.833245007778488
0.25,0.04,0.0,21.7804064722875,54.7544826231851,0.840895481215418
0.25,0.04,0.0,23.3126487131896,52.5913590251301,0.849183140113506
0.25,0.04,0.0,24.9673873876065,50.255475998317,0.858134957073274
0.25,0.04,0.0,26.7493950208203,47.739575906172,0.86777196396693
0.25,0.04,0.0,28.6633028521831,45.0378181395205,0.878125623539265
0.25,0.04,0.0,30.7390602916127,42.2434220057871,0.889215754193934
0.25,0.04,0.0,32.9505705750572,39.9120112096435,0.899950844830286
0.25,0.04,0.0,35.3883551329708,36.7224463115961,0.905065318475831
0.25,0.04,0.0,37.9913187727637,33.2803849979392,0.910110685409147
0.25,0.04,0.0,40.7569163035886,29.6232627375765,0.915471288269495
0.25,0.04,0.0,43.6905474125335,25.7406589294154,0.921121800383686
0.25,0.04,0.0,44.0991844870376,25.1817406410745,0.921866707770057
0.25,0.04,0.0,44.0991844870375,25.1817406410746,0.921866707770057
0.25,0.04,0.0,44.0991844870375,25.1817406410753,0.921866707770063
0.25,0.04,0.0,44.0991844870376,25.1817406410751,0.921866707770065
0.25,0.1,0.0,0.0,0.0,0.0
0.25,0.1,0.0,0.0,0.0,0.0
0.25,0.1,0.0,0.0,6.59556974750206,0.0124767067030946
0.25,0.1,0.0,0.0,7.68143612791078,0.0274291899820928
0.25,0.1,0.0,0.0,8.76680732053923,0.0423937121476093
0.25,0.1,0.0,0.0,9.84469962936218,0.0573164625478692
0.25,0.1,0.0,0.0,10.9282617441566,0.0722755876675895
0.25,0.1,0.0,0.0,12.0135477638693,0.0872257811335184
0.25,0.1,0.0,0.0,13.0954068497211,0.102186830583974
0.25,0.1,0.0,0.0,14.1789115226413,0.117142337811822
0.25,0.1,0.0,0.0,15.279921157357,0.132027849959199
0.25,0.1,0.0,0.0,16.3839548229213,0.146912972341546
0.25,0.1,0.0,0.0,17.487858429333,0.161798472151971
0.25,0.1,0.0,0.0,18.5919214348481,0.176683556293126
0.25,0.1,0.0,0.0,19.695798564528,0.191568937943787
0.25,0.1,0.0,0.0,20.7998092985443,0.20645440544109
0.25,0.1,0.0,0.0,21.903865769753,0.22133945102204
0.25,0.1,0.0,0.0,23.0078335133806,0.236224795406302
0.25,0.1,0.0,0.0,24.1117894852547,0.251110179433712
0.25,0.1,0.0,0.0,25.2158085294775,0.265995351055597
0.25,0.1,0.0,0.0,26.3580330391385,0.280751860089839
0.25,0.1,0.0,0.0,27.5229084070888,0.295432603558802
0.25,0.1,0.0,0.0,28.6874755012029,0.310113356047494
0.25,0.1,0.0,0.0,29.8521967322309,0.324794104026323
0.25,0.1,0.0,0.0,31.0129151722167,0.339455095900156
0.25,0.1,0.0,0.0,32.192318098537,0.353547284936253
0.25,0.1,0.0,0.0,33.3961648406024,0.367653936915062
0.25,0.1,0.0,0.0,34.5763597832049,0.381747582674867
0.25,0.1,0.0,0.0,35.7567126141031,0.395840990994066
0.25,0.1,0.0,0.0,36.9370307824699,0.409933992349013
0.25,0.1,0.0,0.0,38.1176244837582,0.424023722743843
0.25,0.1,0.0,0.0,39.298239477582,0.438113200366549
0.25,0.1,0.0,0.0,40.448681804838,0.452186362106761
0.25,0.1,0.0,0.0,41.6286345306042,0.466272035809052
0.25,0.1,0.0,0.0,42.8491809978412,0.480357756354106
0.25,0.1,0.0,0.0,44.0296097188328,0.494162725870003
0.25,0.1,0.0,0.0,45.3379804886401,0.507622571204876
0.25,0.1,0.0,0.0,46.6171791630238,0.521039007153603
0.25,0.1,0.0,0.0,47.855134759951,0.534413725458065
0.25,0.1,0.0,0.0,49.1777864701439,0.547856176117905
0.25,0.1,0.0,0.0,50.4181609002275,0.5611894540197
0.25,0.1,0.0,0.0,51.7527641042895,0.574548750088786
0.25,0.1,0.0,0.0,52.9995340884141,0.587807981724743
0.25,0.1,0.0,0.0,54.2909506977459,0.601112584907372
0.25,0.1,0.0,0.0,55.7922061735089,0.611003815797093
0.25,0.1,0.0,0.137073878276794,57.5966310564664,0.61524880473743
0.25,0.1,0.0,0.664590797386865,57.0519156040903,0.617998458207821
0.25,0.1,0.0,1.17981186307995,56.580170037149,0.621636677175109
0.25,0.1,0.0,1.71030010603979,56.0256262390935,0.624320637688113
0.25,0.1,0.0,2.23315472660355,55.5124816663375,0.627481728137748
0.25,0.1,0.0,2.74825838653028,55.0413709484683,0.631127249610957
0.25,0.1,0.0,3.27882401472735,54.4862893649863,0.63380390762518
0.25,0.1,0.0,3.8016751934638,53.9731503538527,0.636964997368895
0.25,0.1,0.0,4.32457334322991,53.4599029385533,0.640126087112616
0.25,0.1,0.0,4.84711619457512,53.0091227199057,0.643224135032285
0.25,0.1,0.0,5.36146652743757,52.6529862106812,0.646768645263636
0.25,0.1,0.0,5.89193606322557,52.2145205904135,0.649308695792321
0.25,0.1,0.0,6.41429571236334,51.81734583507,0.652351834055788
0.25,0.1,0.0,6.93672409799114,51.4200048003277,0.655393823589145
0.25,0.1,0.0,7.45911065054364,51.0227491562166,0.658436387487547
0.25,0.1,0.0,8.09598067320356,50.5383784577943,0.662145450276071
0.25,0.1,0.0,8.10535462743466,50.5312499687956,0.662200046701945
0.25,0.1,0.0,8.13079821748881,50.5119012129434,0.662348237000764
0.25,0.1,0.0,8.1804903421448,50.4737898548567,0.662633749968299
0.25,0.1,0.0,8.08633290933991,50.5817074373636,0.662652526415397
0.25,0.1,0.0,8.26203357671587,50.4121023669704,0.663112586963065
0.25,0.1,0.0,8.3838949817135,50.3194320099934,0.663822340499484
0.25,0.1,0.0,8.55391976996018,50.1901969101873,0.664812875654732
0.25,0.1,0.0,8.78024126961818,50.0180927318731,0.666130989365218
0.25,0.1,0.0,9.07080261297481,49.7971894823683,0.66782406729046
0.25,0.1,0.0,9.43373607015077,49.5211324782966,0.669937140197938
0.25,0.1,0.0,9.87696218957014,49.1841406510346,0.672519364055196
0.25,0.1,0.0,10.4001415096799,48.8229902619629,0.676140502617499
0.25,0.1,0.0,10.9610556836077,48.6846306462539,0.679600525008964
0.25,0.1,0.0,11.5413386584186,48.9009180341335,0.682804975846723
0.25,0.1,0.0,12.2039314510055,49.1835705168395,0.687138522789069
0.25,0.1,0.0,12.9610282236725,49.506527363583,0.692090166759637
0.25,0.1,0.0,13.8142848669796,49.8690473051502,0.698065207789283
0.25,0.1,0.0,14.7869156734915,50.1145706213723,0.703344182370136
0.25,0.1,0.0,15.8738035619309,50.3891012812784,0.709243580391982
0.25,0.1,0.0,17.0652766945041,50.4675301532794,0.714946909719731
0.25,0.1,0.0,18.0585980296244,49.0103415166885,0.71963859688343
0.25,0.1,0.0,19.14789571349,47.4725399210109,0.725530438447572
0.25,0.1,0.0,20.3408440779895,45.7885587245619,0.731984270069461
0.25,0.1,0.0,21.6422066457202,43.9512149973019,0.739021624562175
0.25,0.1,0.0,23.0566404403845,41.9544925157876,0.746673544323473
0.25,0.1,0.0,24.5889001851187,39.7911933630257,0.75495991094677
0.25,0.1,0.0,26.251042545878,37.4848290944089,0.763911222788702
0.25,0.1,0.0,28.0583888746841,34.9646008703575,0.772992089495548
0.25,0.1,0.0,30.0348840051791,33.1779963116716,0.778751732400417
0.25,0.1,0.0,32.1773018167399,30.3448291211738,0.78291832726781
0.25,0.1,0.0,34.4697826822259,27.3133378066785,0.787361872125074
0.25,0.1,0.0,36.9150406904885,24.0798207744648,0.792101558711738
0.25,0.1,0.0,39.5240387492114,20.5877878746563,0.796700422010457
0.25,0.1,0.0,42.3034489143494,16.8162819008661,0.801038989195802
0.25,0.1,0.0,43.5707590832335,15.0852940049797,0.803028975814544
0.25,0.1,0.0,43.5707593393665,15.0852988988244,0.803029033416338
0.25,0.1,0.0,43.5707596391015,15.0853046257614,0.803029100823832
0.25,0.1,0.0,43.5707596391016,15.0853046257632,0.803029100823855
0.25,0.1,0.0,43.5707660555902,15.0854272234567,0.803030543829724
0.25,0.15,0.0,0.0,0.0,0.0
0.25,0.15,0.0,0.0,0.0,0.0
0.25,0.15,0.0,0.0,6.59761664584838,0.0124783059967167
0.25,0.15,0.0,0.0,7.68219349640508,0.0274238930564595
0.25,0.15,0.0,0.0,8.76797020534463,0.0423854244977993
0.25,0.15,0.0,0.0,9.84481837496939,0.0573200776181697
0.25,0.15,0.0,0.0,10.9282650808016,0.0722756801329489
0.25,0.15,0.0,0.0,12.0118368034538,0.0872313692532592
0.25,0.15,0.0,0.0,13.095390644333,0.102186885162586
0.25,0.15,0.0,0.0,14.1788491254846,0.117142487677268
0.25,0.15,0.0,0.0,15.2799211573857,0.132027849959102
0.25,0.15,0.0,0.0,16.383898785621,0.146913161055488
0.25,0.15,0.0,0.0,17.4878497540657,0.161798561932684
0.25,0.15,0.0,0.0,18.5918420251194,0.176683823717201
0.25,0.15,0.0,0.0,19.6958091965177,0.191569184354252
0.25,0.15,0.0,0.0,20.7998002080743,0.206454588926661
0.25,0.15,0.0,0.0,21.9037677569944,0.221339779752859
0.25,0.15,0.0,0.0,23.1286720070391,0.236128498796328
0.25,0.15,0.0,0.0,24.2010769057159,0.250809361703817
0.25,0.15,0.0,0.0,25.3657902766715,0.265490128598252
0.25,0.15,0.0,0.0,26.5305464577325,0.280170895492686
0.25,0.15,0.0,0.0,27.7002173469343,0.2945031700296
0.25,0.15,0.0,0.0,28.8795831643827,0.308596244976135
0.25,0.15,0.0,0.0,30.0589114032261,0.32268931992267
0.25,0.15,0.0,0.0,31.2383008691094,0.336782394869203
0.25,0.15,0.0,0.0,32.4178720197919,0.350871862252437
0.25,0.15,0.0,0.0,33.6217954663842,0.364974056492894
0.25,0.15,0.0,0.0,34.8025414993894,0.379063308652359
0.25,0.15,0.0,0.0,35.9915908888105,0.393149635901235
0.25,0.15,0.0,0.0,37.1744746849537,0.407215649319337
0.25,0.15,0.0,0.0,38.3188926300725,0.421248707569203
0.25,0.15,0.0,0.0,39.616333162702,0.434791986938146
0.25,0.15,0.0,0.0,40.8939440795596,0.448221185669888
0.25,0.15,0.0,0.0,42.1377815133685,0.461599490687759
0.25,0.15,0.0,0.0,43.4536782703533,0.475043881433317
0.25,0.15,0.0,0.0,44.7389847856003,0.488409281397005
0.25,0.15,0.0,0.0,46.0312976321301,0.501715001346275
0.25,0.15,0.0,0.0,47.3240321140574,0.515018014839881
0.25,0.15,0.0,0.0,48.6368441962859,0.527083438133516
0.25,0.15,0.0,0.0825612527744725,50.6536019561518,0.531461591384572
0.25,0.15,0.0,0.602426413297986,50.1502613483702,0.534687150099713
0.25,0.15,0.0,1.12528776653583,49.6372034965329,0.537850670715804
0.25,0.15,0.0,1.64810344221417,49.1242699212663,0.541014191331893
0.25,0.15,0.0,2.17094168772224,48.6112629730697,0.544177237431566
0.25,0.15,0.0,2.70041926470414,48.0620391132664,0.546921127482748
0.25,0.15,0.0,3.2165733014942,47.5853949694442,0.550504273146651
0.25,0.15,0.0,3.74618805109265,47.0355883735553,0.553242830420442
0.25,0.15,0.0,4.26188645311824,46.5908215953211,0.556803096969888
0.25,0.15,0.0,4.79130688602953,46.1578960103329,0.559413028770212
0.25,0.15,0.0,5.31370105884718,45.7606377108629,0.562455592665265
0.25,0.15,0.0,5.8289510633855,45.3996340910968,0.56593786889548
0.25,0.15,0.0,6.35845688892981,44.9662014040228,0.568540721081423
0.25,0.15,0.0,6.87366904790765,44.6055055717817,0.572027727645843
0.25,0.15,0.0,7.39602094745769,44.2084420978264,0.57507267567459
0.25,0.15,0.0,7.92563589254258,43.7744248839043,0.577668412140596
0.25,0.15,0.0,8.44073331558435,43.414312988381,0.58116251670684
0.25,0.15,0.0,8.96308819462834,43.0172523490772,0.584207465026935
0.25,0.15,0.0,9.47709289388462,42.6613959892665,0.587238968183868
0.25,0.15,0.0,9.88670283903296,42.836260291629,0.589920257613868
0.25,0.15,0.0,10.3014458060002,42.9860474745243,0.592119995153404
0.25,0.15,0.0,10.8081581053945,43.2022035644628,0.595434039118546
0.25,0.15,0.0,10.794590987715,43.2238157515421,0.595863262468094
0.25,0.15,0.0,10.7956409958816,43.2242639857968,0.59587013579773
0.25,0.15,0.0,10.8229412082132,43.235918076434,0.596048842368267
0.25,0.15,0.0,10.8617880827843,43.252505098524,0.596303174215051
0.25,0.15,0.0,10.9258438205352,43.2798541864645,0.59672242927733
0.25,0.15,0.0,11.0213921690822,43.3206355690568,0.597347920352401
0.25,0.15,0.0,11.1547450597452,43.3775704181829,0.598220832637239
0.25,0.15,0.0,11.3373951165443,43.4279660058274,0.598895382473112
0.25,0.15,0.0,11.5652616514521,43.5251789778006,0.600385683692049
0.25,0.15,0.0,11.8499777864699,43.6462628484367,0.602242106930711
0.25,0.15,0.0,12.1933250015818,43.7928167816512,0.604841600027796
0.25,0.15,0.0,12.6135884662782,43.8986718531051,0.607119019395687
0.25,0.15,0.0,13.1157054340196,43.9951270511819,0.609291872212665
0.25,0.15,0.0,13.6887882961547,44.1703264364913,0.612958256942985
0.25,0.15,0.0,14.3698180399649,44.2923031879816,0.615808464803576
0.25,0.15,0.0,15.0657415544576,44.0701577193923,0.619179241626218
0.25,0.15,0.0,15.7073826343037,43.1643297554184,0.622649780801975
0.25,0.15,0.0,16.4291287991703,42.1454024882146,0.626553606386452
0.25,0.15,0.0,17.2356959696836,41.0067423016006,0.63091620581546
0.25,0.15,0.0,18.1317944522113,39.7416875080962,0.6357630665248
0.25,0.15,0.0,19.1194679020725,38.3965654765193,0.641716072293462
0.25,0.15,0.0,20.2087451383336,36.8592527379052,0.647613380643959
0.25,0.15,0.0,21.4016837930652,35.1756332027941,0.65407195160113
0.25,0.15,0.0,22.7097813103566,33.3659747477821,0.661117068625946
0.25,0.15,0.0,24.1450071505177,31.3716320138679,0.668345924161634
0.25,0.15,0.0,25.7114893911932,30.0366921843553,0.67371405909654
0.25,0.15,0.0,27.4394545859412,27.7569834406563,0.677134212317543
0.25,0.15,0.0,29.2998810694367,25.3564376026226,0.681505041057851
0.25,0.15,0.0,31.3048910876591,22.6454284914957,0.684626138618013
0.25,0.15,0.0,33.4498701805653,19.8065717734043,0.688757413629313
0.25,0.15,0.0,35.7525781131616,16.6903482665341,0.692443306772098
0.25,0.15,0.0,38.2100487803575,13.3556968397336,0.696279339254595
0.25,0.15,0.0,40.8285378865506,10.4658973463279,0.700175928057962
0.25,0.15,0.0,43.1284110314903,8.14609573734619,0.703543032261202
0.25,0.15,0.0,43.1284110314904,8.14609573734618,0.703543032261206
0.25,0.15,0.0,43.128411032173,8.14609574782282,0.703543032414713
0.25,0.15,0.0,43.128411032173,8.14609574782233,0.703543032414713
0.25,0.15,0.0,43.123882444371,8.20292380783221,0.704371448696974
0.25,0.15,0.0,43.1238825316058,8.20292515016716,0.704371468366636
0.25,0.2,0.0,0.0,0.0,0.0
0.25,0.2,0.0,0.0,0.0,0.0
0.25,0.2,0.0,0.0,6.59568275531796,0.0124759136629272
0.25,0.2,0.0,0.0,7.67945695292174,0.027445018932724
0.25,0.2,0.0,0.0,8.76373672808306,0.0424182765009043
0.25,0.2,0.0,0.0,9.84469935050617,0.0573164650743457
0.25,0.2,0.0,0.0,10.9281005931936,0.0722711218406958
0.25,0.2,0.0,0.0,12.013547763892,0.0872257811334425
0.25,0.2,0.0,0.0,13.0953303949748,0.102186885162489
0.25,0.2,0.0,0.0,14.1809575848228,0.117135214217843
0.25,0.2,0.0,0.0,15.2799427073743,0.132028007345807
0.25,0.2,0.0,0.0,16.3838778329565,0.146913180859244
0.25,0.2,0.0,0.0,17.4879600960174,0.161798472151893
0.25,0.2,0.0,0.0,18.5919210674821,0.176683865269033
0.25,0.2,0.0,0.0,19.715142834327,0.191504394679872
0.25,0.2,0.0,0.0,20.879776527277,0.206185463026921
0.25,0.2,0.0,0.0,22.044419067547,0.220866501579268
0.25,0.2,0.0,0.0,23.2082737655192,0.235458590071179
0.25,0.2,0.0,0.0,24.3875591979912,0.249551665017714
0.25,0.2,0.0,0.0,25.5669173889428,0.263644384685351
0.25,0.2,0.0,0.0,26.7464280372883,0.27773529596959
0.25,0.2,0.0,0.0,27.9260993113994,0.291824301980722
0.25,0.2,0.0,0.0,29.1057762996295,0.305913240213442
0.25,0.2,0.0,0.0,30.2934066596277,0.319989413511895
0.25,0.2,0.0,0.0,31.4750371294168,0.334058767077565
0.25,0.2,0.0,0.0,32.6858096383513,0.348106272660621
0.25,0.2,0.0,0.0,33.9577098005382,0.361913592211311
0.25,0.2,0.0,0.0,35.1510798237585,0.375360763991071
0.25,0.2,0.0,0.0,36.4205270804829,0.388784397660034
0.25,0.2,0.0,0.0,37.6996624597292,0.402192499660504
0.25,0.2,0.0,0.0,38.9856044669344,0.415542665343182
0.25,0.2,0.0,0.0,40.3100427003315,0.428881175058248
0.25,0.2,0.0,0.0,41.6044283404275,0.442186809925673
0.25,0.2,0.0,0.0281404942038587,43.7103247391982,0.447674378031728
0.25,0.2,0.0,0.547943245272834,43.2071830910792,0.450900597498469
0.25,0.2,0.0,1.07078878252751,42.6941553168288,0.454064136281278
0.25,0.2,0.0,1.59320690972678,42.1825141437144,0.457236015103223
0.25,0.2,0.0,2.11641876601065,41.6682926131573,0.460391206272163
0.25,0.2,0.0,2.64491882250964,41.1244895385496,0.463198484711903
0.25,0.2,0.0,3.16203359999447,40.6424609721833,0.466717797159911
0.25,0.2,0.0,3.69061522880701,40.1014217525603,0.469517362980034
0.25,0.2,0.0,4.21300923612966,39.7041637946235,0.472559926358126
0.25,0.2,0.0,4.73538350552106,39.3069650448917,0.475602910046516
0.25,0.2,0.0,5.2578026287209,38.909646388098,0.478645054148251
0.25,0.2,0.0,5.78022122913222,38.5123245401508,0.481687618043311
0.25,0.2,0.0,6.30269054101064,38.1148161659171,0.484727938074649
0.25,0.2,0.0,6.81878987751301,37.749328452762,0.488152021504986
0.25,0.2,0.0,7.34737869888053,37.3206148060418,0.490815309728511
0.25,0.2,0.0,7.86356114137137,36.9549510514594,0.494241895560108
0.25,0.2,0.0,8.34061968901459,36.7866237742187,0.497152243706976
0.25,0.2,0.0,8.75461680169837,36.9402199318376,0.49942737780462
0.25,0.2,0.0,9.15989073195423,37.1361977893427,0.502514801382638
0.25,0.2,0.0,9.57387536368131,37.2897033919286,0.504785562460412
0.25,0.2,0.0,9.98348502655129,37.4644716946688,0.507464654788307
0.25,0.2,0.0,10.3885731871041,37.6610367319247,0.510562179290962
0.25,0.2,0.0,10.8010612923175,37.7742640215699,0.512859054815992
0.25,0.2,0.0,11.2139246538324,37.8784833688641,0.515099872163017
0.25,0.2,0.0,11.6317149407985,37.9580900464414,0.516895958226403
0.25,0.2,0.0,12.0396121633861,38.0870592793825,0.519581550552265
0.25,0.2,0.0,12.4664791213283,38.1451310242275,0.521073485246983
0.25,0.2,0.0,12.912487042907,37.9442196686886,0.523257659063802
0.25,0.2,0.0,12.9132724056715,37.943110940476,0.523261906947457
0.25,0.2,0.0,12.9336545997439,37.914657483598,0.523375101119626
0.25,0.2,0.0,12.9627130396109,37.8736343634691,0.523532271517689
0.25,0.2,0.0,12.9165778686215,37.9793084160052,0.523781166626852
0.25,0.2,0.0,13.010620121074,37.8060024157081,0.523791395904481
0.25,0.2,0.0,13.0820881051662,37.7051084240957,0.524177955347553
0.25,0.2,0.0,13.1818291379101,37.5643003259121,0.524717439405473
0.25,0.2,0.0,13.3123913676191,37.4206929156027,0.525924129813106
0.25,0.2,0.0,13.4849790484549,37.1363324054489,0.526357131109073
0.25,0.2,0.0,13.6978122705937,36.8358679332575,0.527508314011198
0.25,0.2,0.0,13.9555892643814,36.5129330872074,0.52940637400553
0.25,0.2,0.0,14.2695561433005,36.0287160006679,0.530600789558067
0.25,0.2,0.0,14.6356978020982,35.5530855493818,0.533088497801366
0.25,0.2,0.0,15.0674844104958,34.9022511626129,0.534916661634345
0.25,0.2,0.0,15.5608341805363,34.2474240360369,0.538097185603306
0.25,0.2,0.0,16.1270681127203,33.4482861823527,0.541162759401794
0.25,0.2,0.0,16.7686675106222,32.5423404090377,0.544636542511687
0.25,0.2,0.0,17.4926836948538,31.478507798902,0.548034195263134
0.25,0.2,0.0,18.2992509438942,30.3398470364229,0.552396794692141
0.25,0.2,0.0,19.2021900536328,29.1625445507326,0.557787277715008
0.25,0.2,0.0,20.2058321494837,27.755038752047,0.562818111704501
0.25,0.2,0.0,21.3006910299756,26.1649123127746,0.568318146087618
0.25,0.2,0.0,22.5354249061972,25.4390931082456,0.571668967860501
0.25,0.2,0.0,23.899190118103,23.5854580539879,0.573670941399354
0.25,0.2,0.0,25.3785014683491,21.6292719705566,0.576538311067058
0.25,0.2,0.0,26.9810203158395,19.5101608940583,0.579644495532186
0.25,0.2,0.0,28.7118666859339,17.2200201282657,0.582984861079686
0.25,0.2,0.0,30.5836009415446,14.6891308475177,0.586004242485446
0.25,0.2,0.0,32.5922830734538,12.016630779225,0.589816064658983
0.25,0.2,0.0,34.7518792678187,9.35528941627369,0.592418098032247
0.25,0.2,0.0,37.0588701785671,7.02880008044111,0.595788003816227
0.25,0.2,0.0,39.5164363910538,4.59355870449357,0.60007021596262
0.25,0.2,0.0,42.1390443589538,1.90568884503344,0.603208799569863
0.25,0.2,0.0,42.6858167775937,1.35387782464238,0.604014061397715
0.25,0.2,0.0,42.6858167775937,1.35387782464262,0.604014061397719
0.25,0.2,0.0,42.6858167775937,1.35387782464304,0.604014061397722
0.25,0.2,0.0,42.6858167775938,1.35387782464331,0.604014061397725
0.25,0.2,0.0,42.6858167781797,1.35387783363649,0.60401406152951
0.25,0.2,0.0,42.6819052330628,1.40265784896621,0.604725284038773
0.25,0.0,0.01,0.0,0.0,0.0
0.25,0.0,0.01,0.0,0.0,0.0
0.25,0.0,0.01,0.0,6.59575312798924,0.0124765568569866
0.25,0.0,0.01,0.0,7.6816956385036,0.0274274068486403
0.25,0.0,0.01,0.0,8.76688598767743,0.0423931225493742
0.25,0.0,0.01,0.0,9.84482430790266,0.0573200776182093
0.25,0.0,0.01,0.0,10.928272949915,0.0722756801330277
0.25,0.0,0.01,0.0,12.0119593798586,0.0872312826478071
0.25,0.0,0.01,0.0,13.0954434953917,0.102186885162586
0.25,0.0,0.01,0.0,14.1789276109329,0.117142487677326
0.25,0.0,0.01,0.0,15.2799211573673,0.13202784995916
0.25,0.0,0.01,0.0,16.3839747690885,0.146913161055547
0.25,0.0,0.01,0.0,17.4879600959961,0.16179847215197
0.25,0.0,0.01,0.0,18.5919454229262,0.176683783248317
0.25,0.0,0.01,0.0,19.6959307498448,0.191569094344703
0.25,0.0,0.01,0.0,20.7999160767623,0.206454405441089
0.25,0.0,0.01,0.0,21.9039014036973,0.221339716537419
0.25,0.0,0.01,0.0,23.0077645550301,0.236225027633805
0.25,0.0,0.01,0.0,24.1118720575341,0.251110338730187
0.25,0.0,0.01,0.0,25.2158573844519,0.265995649826576
0.25,0.0,0.01,0.0,26.319672164785,0.280881046040124
0.25,0.0,0.01,0.0,27.4236421924067,0.295766272019347
0.25,0.0,0.01,0.0,28.5278090172253,0.310651597758237
0.25,0.0,0.01,0.0,29.6317455985541,0.325537073012926
0.25,0.0,0.01,0.0,30.7357666590523,0.340422263770966
0.25,0.0,0.01,0.0,31.8709798144924,0.355202410326726
0.25,0.0,0.01,0.0,33.0357034312027,0.369883175841622
0.25,0.0,0.01,0.0,34.2002281514371,0.384563941356518
0.25,0.0,0.01,0.0,35.3651506646182,0.399244706871418
0.25,0.0,0.01,0.0,36.5296601990722,0.413925472386312
0.25,0.0,0.01,0.0,37.6943762228853,0.428606237901212
0.25,0.0,0.01,0.0,38.8627772619375,0.442915721371419
0.25,0.0,0.01,0.0,40.0420487493106,0.45700877778012
0.25,0.0,0.01,0.0,41.2213767527293,0.471101834188821
0.25,0.0,0.01,0.0,42.4007845221882,0.485194890597522
0.25,0.0,0.01,0.0,43.5800327595672,0.499287947006223
0.25,0.0,0.01,0.0,44.7594465556415,0.513380986893906
0.25,0.0,0.01,0.0,45.9387754831388,0.527474059823625
0.25,0.0,0.01,0.0,47.1183260173657,0.541564504149422
0.25,0.0,0.01,0.0,48.2979972535175,0.555653516760721
0.25,0.0,0.01,0.0,49.4775763663717,0.569742511077109
0.25,0.0,0.01,0.0,50.6576372651104,0.583826874212884
0.25,0.0,0.01,0.0,51.8381187706269,0.597906248301251
0.25,0.0,0.01,0.0,53.0319549637128,0.611827765071831
0.25,0.0,0.01,0.0,54.3104620899117,0.625241191571856
0.25,0.0,0.01,0.0,55.589135030283,0.638654331622248
0.25,0.0,0.01,0.0,56.8676864270733,0.652067404928297
0.25,0.0,0.01,0.0,58.1477897355334,0.665467268749077
0.25,0.0,0.01,0.0,59.4278189120289,0.678867763562662
0.25,0.0,0.01,0.0,60.7102757309974,0.692247594888698
0.25,0.0,0.01,0.243123192571948,61.3553085381419,0.699751373488033
0.25,0.0,0.01,0.692678788363582,61.1932436328367,0.7042608948747
0.25,0.0,0.01,1.1423359949849,61.0311646223515,0.708763269397817
0.25,0.0,0.01,1.59204413571074,60.8690971862455,0.713265643920933
0.25,0.0,0.01,2.04172680938491,60.7070239629499,0.717768018444048
0.25,0.0,0.01,2.49138353067278,60.5449448421762,0.72227039296716
0.25,0.0,0.01,2.9410921567325,60.3828775163585,0.726772767490277
0.25,0.0,0.01,3.39077483040608,60.2208042930629,0.731275142013396
0.25,0.0,0.01,3.84043106636031,60.058725062001,0.735777516536514
0.25,0.0,0.01,4.29014017775367,59.8966578464715,0.740279891059628
0.25,0.0,0.01,4.69481975690808,59.7498053695706,0.745338771256309
0.25,0.0,0.01,4.69542077695185,59.7495849414887,0.745348691406243
0.25,0.0,0.01,4.69962791725803,59.7480419449178,0.745418132455777
0.25,0.0,0.01,4.71104729808933,59.7438538113672,0.745606615304514
0.25,0.0,0.01,4.73328503970823,59.7356979723476,0.74597366085205
0.25,0.0,0.01,4.76994726237722,59.7222518593697,0.746578789997994
0.25,0.0,0.01,4.82464428720384,59.7022065679121,0.747481523641941
0.25,0.0,0.01,4.90096963191528,59.6741985375794,0.748741382683495
0.25,0.0,0.01,5.00254201930954,59.6369461917879,0.750417888022255
0.25,0.0,0.01,5.13296336880405,59.5891132980793,0.752570560557824
0.25,0.0,0.01,5.29583980066107,59.5293772879638,0.755258921189803
0.25,0.0,0.01,5.49477619060985,59.4564218330984,0.758541626975006
0.25,0.0,0.01,5.80837154228635,59.335825663624,0.762390255158436
0.25,0.0,0.01,6.30623286240296,59.1368833855486,0.766818437724631
0.25,0.0,0.01,6.88689470254427,58.9048546788323,0.771983051193051
0.25,0.0,0.01,7.55672581978198,58.6371945070755,0.777940768009452
0.25,0.0,0.01,8.32206660869681,58.3313543960485,0.784748238412985
0.25,0.0,0.01,9.18937331768095,57.9847992789929,0.792462089560303
0.25,0.0,0.01,10.3401675027847,57.5171674565205,0.800998303712924
0.25,0.0,0.01,11.6611662895932,56.9790572602998,0.810509384920827
0.25,0.0,0.01,13.1287998005473,56.3812152604085,0.821076223925901
0.25,0.0,0.01,14.3800811376528,55.4858579492548,0.832011200298675
0.25,0.0,0.01,15.3932257982052,54.3580277513769,0.84181115638542
0.25,0.0,0.01,16.5021672974576,53.1282069557716,0.852436018331666
0.25,0.0,0.01,17.7095279179334,51.9172616359506,0.863360858728606
0.25,0.0,0.01,19.2356573998354,50.6221335048965,0.872642224886311
0.25,0.0,0.01,20.9650201655814,49.5437318853904,0.882487979352149
0.25,0.0,0.01,22.8326610407376,48.3791023557652,0.893120990453892
0.25,0.0,0.01,24.8438511228318,47.1249238253621,0.904571537292949
0.25,0.0,0.01,27.0040027403123,45.7778890382698,0.916869898970681
0.25,0.0,0.01,29.3183875877651,44.3346769623167,0.930046354588462
0.25,0.0,0.01,31.7924452328586,42.7919754330008,0.944129668737838
0.25,0.0,0.01,34.5713138926417,41.5302862477091,0.9579256647906
0.25,0.0,0.01,37.2406318093509,39.5432382600956,0.965847368291394
0.25,0.0,0.01,40.0166041119706,35.7538570653421,0.970249070211944
0.25,0.0,0.01,42.9635711154736,31.7608174701453,0.974912821966946
0.25,0.0,0.01,44.3448327613215,29.8752596783937,0.977110614600702
0.25,0.0,0.01,44.3448328744168,29.8752618392697,0.977110640034759
0.25,0.0,0.01,44.3448328744168,29.8752618392712,0.977110640034767
0.25,0.0,0.01,44.3448328744168,29.8752618392717,0.977110640034772
0.25,0.0,0.02,0.0,0.0,0.0
0.25,0.0,0.02,0.0,0.0,0.0
0.25,0.0,0.02,0.0,6.59573863356286,0.012476790119569
0.25,0.0,0.02,0.0,7.67855613220266,0.0274272587751918
0.25,0.0,0.02,0.0,8.76693496088922,0.0423928936799127
0.25,0.0,0.02,0.0,9.84482430790267,0.0573200776182098
0.25,0.0,0.02,0.0,10.9282648923245,0.0722756801329885
0.25,0.0,0.02,0.0,12.0119593798702,0.0872312826477677
0.25,0.0,0.02,0.0,13.0953906443458,0.102186885162547
0.25,0.0,0.02,0.0,14.1789276109329,0.117142487677326
0.25,0.0,0.02,0.0,15.2799894421716,0.13202784995916
0.25,0.0,0.02,0.0,16.3839747690899,0.146913161055546
0.25,0.0,0.02,0.0,17.4879600960076,0.161798472151933
0.25,0.0,0.02,0.0,18.5919454229258,0.176683783248319
0.25,0.0,0.02,0.0,19.6958871529165,0.191569241164095
0.25,0.0,0.02,0.0,20.7999111995164,0.206454421865975
0.25,0.0,0.02,0.0,21.9039014036975,0.221339716537417
0.25,0.0,0.02,0.0,23.0077645550292,0.236225027633802
0.25,0.0,0.02,0.0,24.1117421832674,0.251110338730188
0.25,0.0,0.02,0.0,25.2158322105572,0.265995734603559
0.25,0.0,0.02,0.0,26.3196943678179,0.280880971268111
0.25,0.0,0.02,0.0,27.4236472181768,0.29576633856395
0.25,0.0,0.02,0.0,28.5278133652021,0.310651583115751
0.25,0.0,0.02,0.0,29.6317784047864,0.325536962532859
0.25,0.0,0.02,0.0,30.7406042436144,0.340405379555616
0.25,0.0,0.02,0.0,31.9053202674298,0.355086145070515
0.25,0.0,0.02,0.0,33.1362959332561,0.36976691058541
0.25,0.0,0.02,0.0,34.3036426474867,0.384447676100307
0.25,0.0,0.02,0.0,35.3996747681114,0.399128441615206
0.25,0.0,0.02,0.0,36.5641211326507,0.413809207130104
0.25,0.0,0.02,0.0,37.7284734648008,0.428288772996344
0.25,0.0,0.02,0.0,38.9385283843772,0.442381847942879
0.25,0.0,0.02,0.0,40.0871309797387,0.456474922889414
0.25,0.0,0.02,0.0,41.2664597372076,0.470567997835948
0.25,0.0,0.02,0.0,42.4457884946771,0.484661072782483
0.25,0.0,0.02,0.0,43.6251172521466,0.498754147729018
0.25,0.0,0.02,0.0,44.804446009615,0.512847222675553
0.25,0.0,0.02,0.0,45.9839766107299,0.526937903439355
0.25,0.0,0.02,0.0,47.2012929941025,0.54102693458783
0.25,0.0,0.02,0.0,48.381943071606,0.55511596531111
0.25,0.0,0.02,0.0,49.5628709908333,0.569201697672688
0.25,0.0,0.02,0.0,50.7037460316311,0.583281090292094
0.25,0.0,0.02,0.0,51.8885374206308,0.597265543757503
0.25,0.0,0.02,0.0,53.1670451901205,0.610678988408254
0.25,0.0,0.02,0.0,54.4454511602123,0.624092200280903
0.25,0.0,0.02,0.0,55.8286738013865,0.636715499853796
0.25,0.0,0.02,0.42963839088132,55.7518798434886,0.641469878171138
0.25,0.0,0.02,0.878754959752653,55.5898163058061,0.645998831619202
0.25,0.0,0.02,1.32787152862367,55.4277527681236,0.650527785067276
0.25,0.0,0.02,1.77698809749464,55.2656892304412,0.655056738515345
0.25,0.0,0.02,2.22608096634604,55.1036203071137,0.659585691963415
0.25,0.0,0.02,2.67519737248402,54.9415567324515,0.664114645411484
0.25,0.0,0.02,3.1243378041078,54.779498617394,0.668643598859553
0.25,0.0,0.02,3.57345437297899,54.6174350797115,0.673172552307622
0.25,0.0,0.02,4.0225709418505,54.4553715420291,0.677701505755691
0.25,0.0,0.02,4.44415838202662,54.3030036427789,0.682152882933363
0.25,0.0,0.02,4.67868785879462,54.2166816691008,0.686070609564053
0.25,0.0,0.02,4.91319834031992,54.1304232458377,0.689977812459715
0.25,0.0,0.02,5.1477049222122,54.0441521383499,0.693885015355383
0.25,0.0,0.02,5.38218740621614,53.9580339143899,0.697772800139757
0.25,0.0,0.02,5.66738259942575,53.8535625979794,0.702463755698223
0.25,0.0,0.02,5.66798346383245,53.8533429507251,0.702473567780616
0.25,0.0,0.02,5.67218951467874,53.8518054199463,0.702542252357372
0.25,0.0,0.02,5.68360198907012,53.8476192762318,0.702728681922852
0.25,0.0,0.02,5.70583792144854,53.8395051737162,0.703091728971419
0.25,0.0,0.02,5.7424906502514,53.8261066912157,0.703690265997434
0.25,0.0,0.02,5.79716931125258,53.8061187910916,0.70458316549526
0.25,0.0,0.02,5.87347909089155,53.7782235898199,0.705829299959259
0.25,0.0,0.02,5.97502119952875,53.741090270997,0.707487541883793
0.25,0.0,0.02,6.10540876379582,53.6934267779337,0.709616763763224
0.25,0.0,0.02,6.26824300304183,53.6339023234622,0.712275838091912
0.25,0.0,0.02,6.46713312461728,53.5612121027608,0.715523637364227
0.25,0.0,0.02,6.73186153941814,53.4623860419895,0.719397982090373
0.25,0.0,0.02,7.22972323141325,53.2634437106798,0.723826147344076
0.25,0.0,0.02,7.8103849489433,53.0314150214873,0.728990766520552
0.25,0.0,0.02,8.48021592474077,52.7637548699957,0.734948489921575
0.25,0.0,0.02,9.24555813200816,52.4579149667121,0.741755967848894
0.25,0.0,0.02,10.1128625820732,52.1113597622179,0.749469850604265
0.25,0.0,0.02,11.0884167290752,51.7215345970643,0.758146788489434
0.25,0.0,0.02,12.1786170652786,51.285897551742,0.767843431806148
0.25,0.0,0.02,13.3898328234168,50.8019035218452,0.778616430856174
0.25,0.0,0.02,14.7284041845236,50.2670040085159,0.790522435941267
0.25,0.0,0.02,15.9937219650745,49.6176744372461,0.802996621219572
0.25,0.0,0.02,17.1062718670251,48.4387880338143,0.814794493606229
0.25,0.0,0.02,18.316787350449,47.090010523699,0.826531312522302
0.25,0.0,0.02,19.6316036543406,45.6318752126053,0.839128603597463
0.25,0.0,0.02,21.0559441591357,44.0521849354402,0.852775086044797
0.25,0.0,0.02,22.6620634353402,42.6990009024023,0.866380140459909
0.25,0.0,0.02,24.7327049355713,41.5462969468565,0.877108806388473
0.25,0.0,0.02,26.9567167072573,40.3082158533619,0.88863048453355
0.25,0.0,0.02,29.3395212767577,38.9817366842539,0.900974801988122
0.25,0.0,0.02,31.8866502733935,37.5637824539014,0.914168795892218
0.25,0.0,0.02,34.6034681421003,36.051362062015,0.928243472111246
0.25,0.0,0.02,37.5511414859933,34.1662196654837,0.941089595432586
0.25,0.0,0.02,40.295424594539,31.484890520868,0.949806424440791
0.25,0.0,0.02,43.2224486762596,29.617028236752,0.955757742886682
0.25,0.0,0.02,44.2572096373474,28.2010740905667,0.957405026555609
0.25,0.0,0.02,44.257209813492,28.2010774560956,0.957405066168766
0.25,0.0,0.02,44.2572099315501,28.2010797117928,0.957405092718881
0.25,0.0,0.02,44.2572099315501,28.2010797117927,0.957405092718881
0.25,0.0,0.04,0.0,0.0,0.0
0.25,0.0,0.04,0.0,0.0,0.0
0.25,0.0,0.04,0.0,6.59571468087973,0.0124758707245043
0.25,0.0,0.04,0.0,7.68094924301661,0.0274326747747222
0.25,0.0,0.04,0.0,8.76573714174869,0.0424012649101268
0.25,0.0,0.04,0.0,9.84469385679607,0.0573164625476365
0.25,0.0,0.04,0.0,10.9281004047185,0.0722711218404612
0.25,0.0,0.04,0.0,12.013543004253,0.0872259491018907
0.25,0.0,0.04,0.0,13.0973035031192,0.102180442787462
0.25,0.0,0.04,0.0,14.1810606444888,0.117135099719168
0.25,0.0,0.04,0.0,15.2799894421595,0.1320278499592
0.25,0.0,0.04,0.0,16.3838641199948,0.146913349851225
0.25,0.0,0.04,0.0,17.487949429772,0.161798508072132
0.25,0.0,0.04,0.0,18.5919454229147,0.176683783248356
0.25,0.0,0.04,0.0,19.6959307498337,0.191569094344742
0.25,0.0,0.04,0.0,20.7999160767513,0.206454405441128
0.25,0.0,0.04,0.0,21.9039014036687,0.221339716537514
0.25,0.0,0.04,0.0,23.0077488986189,0.236225167997103
0.25,0.0,0.04,0.0,24.111736215175,0.251110358828631
0.25,0.0,0.04,0.0,25.2158362264045,0.265995721079566
0.25,0.0,0.04,0.0,26.3197937966373,0.280881125650892
0.25,0.0,0.04,0.0,27.423819868685,0.295766299531748
0.25,0.0,0.04,0.0,28.5276247967499,0.310651677071302
0.25,0.0,0.04,0.0,29.6450958092104,0.32549211411449
0.25,0.0,0.04,0.0,30.8096430788621,0.340172881008924
0.25,0.0,0.04,0.0,31.9743586930354,0.354853647903359
0.25,0.0,0.04,0.0,33.1390743072052,0.369534414797795
0.25,0.0,0.04,0.0,34.3039886374686,0.38421518169223
0.25,0.0,0.04,0.0,35.4687118445352,0.398895948586666
0.25,0.0,0.04,0.0,36.6392450605244,0.413126785980897
0.25,0.0,0.04,0.0,37.8185890210581,0.427219860927432
0.25,0.0,0.04,0.0,38.9979679151133,0.441312341175305
0.25,0.0,0.04,0.0,40.1772982736648,0.455405397130482
0.25,0.0,0.04,0.0,41.3565501729046,0.4694984681945
0.25,0.0,0.04,0.0,42.5695542311279,0.483592160713568
0.25,0.0,0.04,0.0,43.7500286347636,0.497683276926215
0.25,0.0,0.04,0.0096202991414575,44.9618857001407,0.510791049048518
0.25,0.0,0.04,0.452623737639886,44.7992860194635,0.515582230911309
0.25,0.0,0.04,0.895860029837403,44.636597431135,0.520361201123423
0.25,0.0,0.04,1.33910622010994,44.4739050635467,0.525139652246364
0.25,0.0,0.04,1.78235130348603,44.3112170288658,0.529919141547643
0.25,0.0,0.04,2.22556890643001,44.1485316661492,0.534698111759754
0.25,0.0,0.04,2.66881536693128,43.9858391953828,0.539476548710984
0.25,0.0,0.04,3.1120517492043,43.8231505726617,0.544255514199193
0.25,0.0,0.04,3.47231165779723,43.6888742791122,0.548866603178305
0.25,0.0,0.04,3.75026011286177,43.5828170224718,0.55331017216046
0.25,0.0,0.04,4.02865419852916,43.476600823548,0.557750635049604
0.25,0.0,0.04,4.3078295074151,43.3701200391487,0.562187586727077
0.25,0.0,0.04,4.5881276005823,43.2632444826271,0.566617495512838
0.25,0.0,0.04,4.86833494408495,43.1563966977585,0.571047404298596
0.25,0.0,0.04,5.14863233325961,43.049521356676,0.575477313084359
0.25,0.0,0.04,5.42892972243347,42.9426460155941,0.579907221870127
0.25,0.0,0.04,5.68463441397796,42.7748353901352,0.583910518437993
0.25,0.0,0.04,5.91911202140289,42.6887416175606,0.587794918341278
0.25,0.0,0.04,6.15358962882796,42.6026478449859,0.591679318244561
0.25,0.0,0.04,6.38806723625275,42.5165540724112,0.595563718147847
0.25,0.0,0.04,6.62254484367764,42.4304602998363,0.599448118051131
0.25,0.0,0.04,6.85702245110246,42.3443665272619,0.603332517954416
0.25,0.0,0.04,7.09149910206785,42.2582775504183,0.607216253969751
0.25,0.0,0.04,7.32597766595237,42.1721789821126,0.611101317760985
0.25,0.0,0.04,7.61121846673746,42.0674463515576,0.61582667022065
0.25,0.0,0.04,7.61181857055698,42.0672305174649,0.615835954410465
0.25,0.0,0.04,7.61602705758988,42.0656807683457,0.615906330236152
0.25,0.0,0.04,7.62744649042013,42.0614923740704,0.616094849177794
0.25,0.0,0.04,7.64968719355805,42.0533216858612,0.61646395034468
0.25,0.0,0.04,7.68635269880909,42.0398591138694,0.617071357962896
0.25,0.0,0.04,7.74105041975735,42.0197756048326,0.617977490639251
0.25,0.0,0.04,7.81738679954231,41.9917469713414,0.619242093385374
0.25,0.0,0.04,7.9189717709004,41.9544603765,0.62092491121289
0.25,0.0,0.04,8.04940130817987,41.9065575813606,0.623085689133428
0.25,0.0,0.04,8.21229133760559,41.8467533924265,0.625783487970548
0.25,0.0,0.04,8.41124776983738,41.773697444655,0.629080105300086
0.25,0.0,0.04,8.64987409089741,41.6860803777575,0.633033233569455
0.25,0.0,0.04,9.08292772108036,41.5156736014006,0.637551825241813
0.25,0.0,0.04,9.6629136034083,41.2837354989539,0.642746807685381
0.25,0.0,0.04,10.3320309947889,41.0161836180852,0.648738851040426
0.25,0.0,0.04,11.0965015198743,40.7104692954419,0.655587056796363
0.25,0.0,0.04,11.9629664022988,40.3640334288122,0.663339877469239
0.25,0.0,0.04,12.9377382984094,39.9743138008971,0.67205208257393
0.25,0.0,0.04,14.0270916969351,39.5387978784658,0.681788137680027
0.25,0.0,0.04,15.2373665048393,39.0549384165021,0.6926049233432
0.25,0.0,0.04,16.2549434131931,38.4245402234924,0.703573022237041
0.25,0.0,0.04,17.2589147329331,37.6942872124756,0.715256533323236
0.25,0.0,0.04,18.3584968280083,36.8945451696275,0.728051957504872
0.25,0.0,0.04,19.5605145523503,36.1082196640822,0.741973461610953
0.25,0.0,0.04,20.8654103873524,35.1238581148395,0.756914722759244
0.25,0.0,0.04,22.2788031867392,34.0492725559662,0.773097233288191
0.25,0.0,0.04,23.805241096831,32.8887626335662,0.790572820819318
0.25,0.0,0.04,25.458088935557,31.1283384512523,0.808170947492498
0.25,0.0,0.04,27.2249924857436,29.1777420786529,0.825432450575653
0.25,0.0,0.04,29.5345729011304,27.9016127213977,0.838598752405054
0.25,0.0,0.04,32.0817024679599,26.4836581981273,0.851792732773538
0.25,0.0,0.04,34.7852533481064,24.8907482577793,0.865723192882701
0.25,0.0,0.04,37.6519207279752,23.1268218151145,0.880429590417977
0.25,0.0,0.04,40.7085160559937,21.2547750270665,0.895838268849957
0.25,0.0,0.04,43.8570713934048,18.1966035280709,0.90896520367822
0.25,0.0,0.04,44.0468726342853,17.9124966293349,0.909828510764935
0.25,0.0,0.04,44.0468726342854,17.9124966293355,0.909828510764941
0.25,0.0,0.04,44.0468726342854,17.912496629335,0.909828510764941
0.25,0.0,0.04,44.0468726342854,17.9124966293355,0.909828510764941
0.25,0.0,0.06,0.0,0.0,0.0
0.25,0.0,0.06,0.0,0.0,0.0
0.25,0.0,0.06,0.0,0.0,0.0
0.25,0.0,0.06,0.0,0.0,0.0
0.25,0.0,0.06,0.0,0.0,0.0
0.25,0.0,0.06,0.0,0.0,0.0
0.25,0.0,0.06,0.0,0.0,0.0
0.25,0.0,0.06,0.0,0.0,0.0
0.25,0.0,0.06,0.0,6.59447428899013,0.012452485874312
0.25,0.0,0.06,0.0,7.6778421036168,0.0274071439621625
0.25,0.0,0.06,0.0,8.76476948407077,0.0423619759839975
0.25,0.0,0.06,0.0,9.84940533306219,0.0573166961431047
0.25,0.0,0.06,0.0,10.9279984674567,0.0722711218406366
0.25,0.0,0.06,0.0,12.0113639154785,0.0872256695487254
0.25,0.0,0.06,0.0,13.0947673704075,0.102180440426266
0.25,0.0,0.06,0.0,14.1781525313905,0.117135099719091
0.25,0.0,0.06,0.0,15.2799211573796,0.132027849959121
0.25,0.0,0.06,0.0,17.4878764138377,0.161798472151932
0.25,0.0,0.06,0.0,18.5918540420848,0.17668378324828
0.25,0.0,0.06,0.0,19.6958023985513,0.191569094344704
0.25,0.0,0.06,0.0,26.3196389694171,0.280880600123576
0.25,0.0,0.06,0.0,27.4236134990113,0.295765892099366
0.25,0.0,0.06,0.0,28.5724106881635,0.310500237401788
0.25,0.0,0.06,0.0,29.737242061002,0.325180585312904
0.25,0.0,0.06,0.0,30.5519438798678,0.334429993492206
0.25,0.0,0.06,0.0,30.3067908604509,0.339148761421241
0.25,0.0,0.06,0.257670326809504,30.1894030570061,0.343605682772729
0.25,0.0,0.06,0.537344321756666,30.0827448387333,0.348039215786674
0.25,0.0,0.06,0.817018316703302,29.9760866204605,0.352472748800617
0.25,0.0,0.06,1.09669231164808,29.8694284021884,0.356906281814562
0.25,0.0,0.06,1.37636630659471,29.7627701839158,0.361339814828508
0.25,0.0,0.06,1.65604030153946,29.6561119656437,0.365773347842456
0.25,0.0,0.06,1.93571429648708,29.5494537473709,0.370206880856401
0.25,0.0,0.06,2.21538829143259,29.4427955290987,0.374640413870347
0.25,0.0,0.06,2.49506228637729,29.3361373108264,0.379073946884289
0.25,0.0,0.06,2.77473628132408,29.229479092554,0.383507479898235
0.25,0.0,0.06,3.05441027626855,29.122820874282,0.38794101291218
0.25,0.0,0.06,3.33408427121623,29.0161626560089,0.392374545926125
0.25,0.0,0.06,3.6137582661622,28.9095044377367,0.396808078940071
0.25,0.0,0.06,3.89343226110756,28.8028462194642,0.401241611954016
0.25,0.0,0.06,4.17310625605226,28.6961880011924,0.405675144967962
0.25,0.0,0.06,4.45278025099929,28.5895297829195,0.410108677981907
0.25,0.0,0.06,4.73245424594479,28.4828715646473,0.414542210995853
0.25,0.0,0.06,5.1320068442358,28.4367883479424,0.418860364607923
0.25,0.0,0.06,5.54029182098075,28.3951176270785,0.423170113579179
0.25,0.0,0.06,5.94857679772559,28.3534469062145,0.427479862550433
0.25,0.0,0.06,6.35686177447083,28.3117761853492,0.431789611521686
0.25,0.0,0.06,6.76514675121538,28.2701054644859,0.436099360492943
0.25,0.0,0.06,7.17412810197835,28.2267386657563,0.440396799634121
0.25,0.0,0.06,7.62151621058753,28.0591464889901,0.444324047739032
0.25,0.0,0.06,8.0786325509212,27.8632267216596,0.448169327173548
0.25,0.0,0.06,8.53574889125466,27.6673069543294,0.452014606608064
0.25,0.0,0.06,8.99286523158831,27.4713871869987,0.45585988604258
0.25,0.0,0.06,9.44998157192213,27.2754674196678,0.459705165477096
0.25,0.0,0.06,9.90709791225616,27.0795476523362,0.463550444911612
0.25,0.0,0.06,10.338001398495,26.8798755266124,0.467368985711869
0.25,0.0,0.06,10.6056692577639,26.6568362935572,0.471021016687893
0.25,0.0,0.06,10.873337117033,26.4337970605,0.474673047663912
0.25,0.0,0.06,11.1410049763018,26.2107578274448,0.478325078639935
0.25,0.0,0.06,11.4086728355709,25.9877185943881,0.481977109615959
0.25,0.0,0.06,11.7342894066402,25.7163925170626,0.486419786473388
0.25,0.0,0.06,11.7349755623641,25.7158207650159,0.486429148306986
0.25,0.0,0.06,11.7397786524313,25.711818500687,0.48649468114217
0.25,0.0,0.06,11.7528156111846,25.7009552117979,0.486672555980525
0.25,0.0,0.06,11.7782033729673,25.6798003860662,0.487018943823638
0.25,0.0,0.06,11.8200588721229,25.6449235112088,0.487590015673094
0.25,0.0,0.06,11.8824990429942,25.5928940749477,0.48844194253048
0.25,0.0,0.06,11.9696408199247,25.5202815649998,0.489630895397381
0.25,0.0,0.06,12.0856011372569,25.423655469087,0.491213045275383
0.25,0.0,0.06,12.2344969293345,25.2995852749258,0.493244563166072
0.25,0.0,0.06,12.4204451305008,25.144640470236,0.495781620071033
0.25,0.0,0.06,12.6475626750987,24.955390542735,0.498880386991854
0.25,0.0,0.06,12.91996469411,24.7283923231894,0.502596425802551
0.25,0.0,0.06,13.2417717128461,24.4602405026572,0.506987120438493
0.25,0.0,0.06,13.6170988754238,24.147492004081,0.51210803721005
0.25,0.0,0.06,14.0500631159836,23.7867163137693,0.518015347050731
0.25,0.0,0.06,14.5447813686678,23.3744829180238,0.524765220894049
0.25,0.0,0.06,15.1053705676181,22.9073613031489,0.532413829673498
0.25,0.0,0.06,15.7361695760715,22.3806690862408,0.541006528999694
0.25,0.0,0.06,16.4448174206171,21.7658135813837,0.550349754469278
0.25,0.0,0.06,17.2329849853628,21.0764153857792,0.560666864163123
0.25,0.0,0.06,18.1143177638931,20.2431702536906,0.571370843258275
0.25,0.0,0.06,19.0837139286999,19.326666686517,0.583144371414487
0.25,0.0,0.06,20.1601598909078,18.3930467552346,0.595954566562809
0.25,0.0,0.06,21.3672153239807,17.530126187727,0.60974263567018
0.25,0.0,0.06,22.6791687548578,16.5922143337253,0.624728943734385
0.25,0.0,0.06,24.1003909334484,15.5761865562918,0.64096341737862
0.25,0.0,0.06,25.6352526096605,14.4789182184898,0.658495983226082
0.25,0.0,0.06,27.2881245334028,13.2972846833815,0.677376567899981
0.25,0.0,0.06,29.0650950957721,12.0280768778981,0.697608406014142
0.25,0.0,0.06,30.9732832960947,10.6680219221185,0.719168557575181
0.25,0.0,0.06,33.2505835096128,8.11993394727232,0.738084249822666
0.25,0.0,0.06,36.0307986666006,4.05633385220555,0.752375643176347
0.25,0.0,0.06,38.8370998880303,0.0,0.767383556419967
0.25,0.0,0.06,37.9532646052195,0.0,0.779635740681989
0.25,0.0,0.06,39.1869973849356,0.0,0.791977476410334
0.25,0.0,0.06,41.0334617723309,0.0,0.804943778800362
0.25,0.0,0.06,42.759137413495,0.0,0.818337867283129
0.25,0.0,0.06,42.6752599332028,0.0,0.819806039928747
0.25,0.0,0.06,42.6752599332029,0.0,0.819806039928763
0.25,0.0,0.08,0.0,0.0,0.0
0.25,0.0,0.08,0.0,0.0,0.0
0.25,0.0,0.08,0.0,6.59578535677788,0.012475908510396
0.25,0.0,0.08,0.0,7.68073840260415,0.0274341414047275
0.25,0.0,0.08,0.0,8.76572958713953,0.0424013015436341
0.25,0.0,0.08,0.0,9.84468792424613,0.0573164625478499
0.25,0.0,0.08,0.0,10.9281130250663,0.0722712698682347
0.25,0.0,0.08,0.0,12.0135477638928,0.087225781133442
0.25,0.0,0.08,0.0,13.094767370407,0.102180440426267
0.25,0.0,0.08,0.0,14.1782131136641,0.117135099719091
0.25,0.0,0.08,0.0,15.279886921537,0.132027978810669
0.25,0.0,0.08,0.0,16.3839715927735,0.146913171752277
0.25,0.0,0.08,0.0,17.487871882612,0.16179848741151
0.25,0.0,0.08,0.0,18.5919404748547,0.17668379991172
0.25,0.0,0.08,0.0,19.6959994209793,0.191568863084034
0.25,0.0,0.08,0.0,20.7999160767626,0.206454405441089
0.25,0.0,0.08,0.0,21.9038668277348,0.221339447459122
0.25,0.0,0.08,0.0,23.0854982845195,0.235804813437669
0.25,0.0,0.08,0.0,23.4551095702514,0.243835539817345
0.25,0.0,0.08,0.0,23.4825113497135,0.24918232819688
0.25,0.0,0.08,0.0,23.4595534872966,0.254409719008764
0.25,0.0,0.08,0.0,23.2114231145646,0.259111583379453
0.25,0.0,0.08,0.042998939870704,22.9845877611609,0.26376960450888
0.25,0.0,0.08,0.322130249711671,22.8781186009294,0.268206310123382
0.25,0.0,0.08,0.601473386715856,22.7715756684126,0.272641784225075
0.25,0.0,0.08,0.880860153416669,22.6650175411382,0.277077004674076
0.25,0.0,0.08,1.24670499715431,22.6018880445737,0.28142754023647
0.25,0.0,0.08,1.65499089862738,22.5602150025268,0.28573728921124
0.25,0.0,0.08,2.06327680010098,22.5185419604792,0.29004703818601
0.25,0.0,0.08,2.47152282093183,22.4769550200384,0.294357065481789
0.25,0.0,0.08,2.87980806950603,22.4352835146147,0.298666818531521
0.25,0.0,0.08,3.30458506854197,22.3389534807078,0.302811470582009
0.25,0.0,0.08,3.7544818041223,22.165862633394,0.3067255335036
0.25,0.0,0.08,4.20436893676313,21.9927600068359,0.310639596425198
0.25,0.0,0.08,4.65424120653486,21.8196162532207,0.314553659346802
0.25,0.0,0.08,5.10412815423327,21.6465131149097,0.318467722268403
0.25,0.0,0.08,5.55401510193214,21.4734099765985,0.322381785189998
0.25,0.0,0.08,5.8606312317005,21.2941535921148,0.326195159679627
0.25,0.0,0.08,6.16474059898836,21.1147622966182,0.330006997334961
0.25,0.0,0.08,6.46887875528857,20.9353623578643,0.333818834990295
0.25,0.0,0.08,6.77301691158261,20.7559624191097,0.337630672645629
0.25,0.0,0.08,7.07718895106324,20.5765506303063,0.341442510300965
0.25,0.0,0.08,7.38129322417497,20.3971625416009,0.345254347956298
0.25,0.0,0.08,7.68546218800548,20.2177533535706,0.349066185611635
0.25,0.0,0.08,7.98960002609476,20.0383486056984,0.352878023266969
0.25,0.0,0.08,8.29370769306446,19.858962725338,0.356689860922301
0.25,0.0,0.08,8.59813725113368,19.6795815756195,0.360501565100717
0.25,0.0,0.08,8.90221916086646,19.5001753765431,0.364313536232972
0.25,0.0,0.08,9.72842277127642,19.4435344825773,0.368132614425835
0.25,0.0,0.08,9.51050039435101,19.1413757612123,0.37193721154364
0.25,0.0,0.08,9.81464101108996,18.9619759535465,0.375749049198976
0.25,0.0,0.08,10.5218655065456,18.8441745927268,0.379568409483827
0.25,0.0,0.08,10.4229222445738,18.6031763382155,0.383372724509646
0.25,0.0,0.08,11.0508287314924,18.4445911161988,0.387192206114789
0.25,0.0,0.08,11.0312034780608,18.2443767228849,0.390996399820313
0.25,0.0,0.08,11.3353440947969,18.0649769152187,0.39480823747565
0.25,0.0,0.08,11.6400703883207,17.8856408699719,0.398618743529649
0.25,0.0,0.08,11.9437334241235,17.7061760808229,0.402430371320383
0.25,0.0,0.08,12.2484811091943,17.5268422414937,0.406240816469893
0.25,0.0,0.08,12.5532132885256,17.3475067140589,0.410051296873317
0.25,0.0,0.08,12.9225936887917,17.1283341138553,0.414682835747838
0.25,0.0,0.08,12.9233373372951,17.1278444364407,0.414692487003967
0.25,0.0,0.08,12.9285429189517,17.1244166839334,0.414760045582477
0.25,0.0,0.08,12.9426989205336,17.115106097145,0.414943283656819
0.25,0.0,0.08,12.9701872352614,17.0969947486905,0.415300515925446
0.25,0.0,0.08,13.0155497940997,17.0671244263723,0.415889242549037
0.25,0.0,0.08,13.083221808104,17.0225637816024,0.416767506856362
0.25,0.0,0.08,13.17410283999,16.9554798734331,0.417975567110136
0.25,0.0,0.08,13.2900631760121,16.8588537695801,0.419557718313049
0.25,0.0,0.08,13.4389589963843,16.734783533905,0.421589237700795
0.25,0.0,0.08,13.6249072227639,16.5798387511591,0.424126296956346
0.25,0.0,0.08,13.8520248087813,16.3905887730156,0.427225066243358
0.25,0.0,0.08,14.1244286750963,16.1636031914989,0.43094171729219
0.25,0.0,0.08,14.4661547081292,15.7525119473448,0.435352015645597
0.25,0.0,0.08,14.8215621483185,15.582709293978,0.44045338880025
0.25,0.0,0.08,15.2545273345947,15.2219274918557,0.446360670132048
0.25,0.0,0.08,15.7492448120647,14.8097006412582,0.453110599584492
0.25,0.0,0.08,16.3296432056912,14.2015171593485,0.460777283762236
0.25,0.0,0.08,16.962523168075,13.6615986179107,0.469138396319931
0.25,0.0,0.08,17.6527012290356,13.17713074794,0.478460529553317
0.25,0.0,0.08,18.4400111954113,12.4940248329845,0.488840902486056
0.25,0.0,0.08,19.3239456878496,11.647023817945,0.50033550471008
0.25,0.0,0.08,20.2791049560715,10.8322211550791,0.51295445784006
0.25,0.0,0.08,21.3266506310059,9.94860379195505,0.52677434925741
0.25,0.0,0.08,22.4893828719832,9.10390873719529,0.541845681978536
0.25,0.0,0.08,23.701395710458,7.9290014966473,0.558210126654912
0.25,0.0,0.08,25.1564419178898,7.18856030923678,0.575037244562507
0.25,0.0,0.08,26.6908033609771,6.11009596647289,0.592675175130532
0.25,0.0,0.08,28.2331166791412,4.3028615010085,0.611478359918297
0.25,0.0,0.08,30.1262347357265,3.70067873857356,0.631839434199913
0.25,0.0,0.08,32.0322918350996,2.363877237339,0.653568728940666
0.25,0.0,0.08,34.0275585845866,0.0,0.669209211621196
0.25,0.0,0.08,33.3236935505008,0.0,0.678726548878298
0.25,0.0,0.08,31.9507474517531,0.0,0.681491623051945
0.25,0.0,0.08,31.950747451753,0.0,0.681491623051948
0.25,0.0,0.08,31.9507474022868,0.0,0.681491624008484
0.25,0.0,0.08,31.9507474022865,0.0,0.681491624008486
0.25,0.0,0.08,31.9507405970851,0.0,0.681491755603047
0.25,0.0,0.08,33.0631270512033,0.0,0.681587601785927
0.25,0.0,0.08,33.0631151128282,0.0,0.681587664066593
