,forward,reverse
XYHDL,51.3,
UDCPPtppi,,
DSERDHr,3.5,3.78
RNDR3b,8.115,
DHORDfum,,
ORNDC,3.4,
PLIPA2A180pp,3.86,
EAR120y,5.3,
DURIPP,39.965,1.5225
LPLIPAL1A141pp,1016.0,
ME2,66.6,
FRD3,250.0,
NADHPO,1.1,
NTD8pp,4.12,
GLCTR3,4.357545811,
KAS15,3.765,
PLIPA1A141pp,1.1,
GCALDD,43.65,
NTPTP2,4000.0,
URIK2,0.0041,
AI2abcpp,95.19583333,
G3PAT141,166.8,
CLPNH161pp,,
CYTDH,11.6,
THIORDXi,146.2,
CLPNH180pp,,
MALTHXabcpp,95.19583333,
ACGAM1Ptex,100000000.0,100000000.0
PLIPA2A160pp,3.86,
PLIPA1A140pp,1.1,
APH160,1.55e-06,
SULabcpp,95.19583333,
NDPK6,571.5,783.0
SERtex,100000000.0,100000000.0
GLYALDtex,100000000.0,100000000.0
CFAS160E,0.067,
FACOAE180,61.375,
TDSR2,1.40385,
MOGDS,0.0048,
SGSAD,69.0,
F6PP,2.817,
TRSARr,243.0,243.0
3OAR140,99.3,0.59
G3PEtex,100000000.0,100000000.0
TYRtipp,22.0,
ASPt2_2pp,22.0,
HYXNtpp,22.0,22.0
PLIPA1G141pp,2.48,
IDONt2rpp,59.36758824,59.36758824
ARGSL,1359.545,34.5
GP4GH,250.0,
TMAOR2pp,145.25,
GLGC,370.0,
EAR180y,5.3,
SHGO,4.7,
TRE6PS,5.2,
CLBtex,100000000.0,100000000.0
2DGULRGx,60503.775,
ACOAD1fr,11.5,
2AGPG141tipp,100000000.0,
3KGK,14.80483333,
SUCCt2_3pp,22.0,
MALTTTRabcpp,95.19583333,
MLTG1,26.6,
DB4PS,2.848283333,
XMPtex,100000000.0,100000000.0
MALTTRabcpp,95.19583333,
D_LACt2pp,22.0,22.0
5DGLCNtex,100000000.0,100000000.0
L_LACt2rpp,22.0,22.0
ACGALtex,100000000.0,100000000.0
LA4NTpp,24.0530625,
SO4t2pp,22.0,
MALTPTabcpp,95.19583333,
HPPK2,0.17,
MALCOAMT,173.0,
PYDXNtpp,,
ALKP,749.8136875,
2AGPGAT120,0.016,
CHLtex,100000000.0,100000000.0
GK1,209.0,209.0
MOCDS,0.0046,
DXYLTD,368.4865,10.0
GALCTt2rpp,22.0,22.0
FESD1s,,
NADH5,8.9,
ECAP1pp,18.3185,
PFL,770.0,
PLIPA2A161pp,2.48,
AAMYLpp,132.0,
ILEt2rpp,22.0,
NI2abcpp,95.19583333,
THZPSN3,0.5,
RBK,9.166666667,
SQVOSI,1265.461667,
TAGURr,76.08846667,213.4339433
IPDDI,4.80625,4.80625
PNTOtex,100000000.0,100000000.0
FBP,19.3,
DAPtex,100000000.0,100000000.0
SULR,189.3611111,
ACPS1,1.0,
DSBGGT,22.0,
G1SAT,0.51,0.51
ACCOAC,30.1,
ACP1p,33.0,
GLUR,43.33,6.285
GMHEPPA,35.7,
3OAS160,0.011,
DXYLK,0.5,
PGP161abcpp,95.19583333,
ALAALAr,14.7,14.7
MCTP1Bpp,79.47949376,
PPPGO,0.292,
3HPPtpp,,
GSNt3pp,22.0,
EAR161y,5.3,
GTHS,6.752,
ADNK1,879.0,
PGSA161,1.0,
GLYC2Pabcpp,95.19583333,
SUCTARTtpp,22.0,22.0
MELIBtex,100000000.0,100000000.0
CD2t3pp,22.0,
LALDO2x,3.3,
MTHFR2,32.7,
INDOLEt2rpp,22.0,
HOMtex,100000000.0,100000000.0
DOGULNR,213.4339433,
MLDCP2App,106.3,
3OXCOAT,7.8,
NADPHXD,0.33,
APH180,1.55e-06,
AACPS1,21.94,
GDPDPK,73.0,
S4FE4SR,22.0,
GLUCYS,33.31666667,
IDOND,213.4339433,76.08846667
G6PP,2.49,
3HAD181,368.4865,
CCGS,5.289444444,
IPDPS,3.7,
VALtex,100000000.0,100000000.0
HEX4,,
GUI2,2.4,196.0
PUNP5,6200.0,111.6666667
PETNT161pp,1.0,
TYROXDApp,2.775,
GALCTND,1.08,
CHLabcpp,95.19583333,
MOHMT,0.781,
EGMEACPR,5.3,
ASNN,24.0,
NTD5,0.195,
PTPATi,4.7,
O16AP2pp,18.3185,
ECAP2pp,18.3185,
PAPA180pp,152.0,
GLNabcpp,95.19583333,
G3PEabcpp,95.19583333,
DHFR,21.75,22.6
LALALGLUtpp,22.0,
HPPPNtex,100000000.0,100000000.0
NNDPR,0.13,
AMALT3,1.3,
CDAPPA160,90.13177273,
NTD7,750.0,
CRNCAL2,11.5895,
ECOAH5,380.5,7.5465
K2L4Aabctex,95.19583333,
GLUNpp,0.33,
PERD,1.4,1.0
PPPGO3,0.292,
UDPG4E,0.52,20.15
ALAGLUE,17.0,17.0
DRPA,68.0,
UACGAMtex,100000000.0,100000000.0
URItex,100000000.0,100000000.0
EAR161x,5.3,
NADHHR,73.6,
ARGORNt7pp,22.0,22.0
SARCOX,25.025,
HSDy,7.0125,156.7
FA80ACPHi,0.004,
AM3PA,25.0,
ECAtpp,22.0,
FLDR2,21.925,
METSOXR1,0.048,
HEPT3,79.47949376,
DCYTD,3.5,
MINCYCtpp,22.0,
ACPPAT141,1500.0,
HACD4,229.0,0.004
NTP3pp,250.5,
H2SO,,
AACPS4,21.94,
CHTBSptspp,3204.0,
6D6SPA,13.15414286,
RPE,873.3,1300.0
ATPPRT,2.7,
ALLULPE,9201.8125,9201.8125
CA2tex,100000000.0,100000000.0
SELNPS,0.25,
GLYt2pp,22.0,
CRNDCAL2,11.5895,
MLDCP1Bpp,106.3,
CPGNabcpp,95.19583333,
PPND,27.36,
PHEMEabcpp,95.19583333,
PRAIS,1.08,
METSOXR2,3.455,
PLIPA1G180pp,2.48,
GALCTNLtex,100000000.0,100000000.0
MSO3abcpp,95.19583333,
EAR80y,5.3,
MDDEP4pp,1.41,
ACGAL1PPpp,,
ACOXT,13.0,11.0
ALDD3y,45.1,
HACD7,229.0,0.004
LYXtex,100000000.0,100000000.0
HPYRRy,29.73333333,
PGP160abcpp,95.19583333,
HPPPNt2rpp,22.0,22.0
MDH,138.5,1108.0
UAAGDS,1.3,
3OAS140,1.28,
THMabcpp,95.19583333,
PRCPD,1.71,
HCINNMt2rpp,22.0,22.0
HDCEAtexi,100000000.0,
S7PI,0.44,
FE3HOXR2,,
PRFGS,2.5,
KARA1,0.028,0.96
SUCOAS,26.21,201.0
AI2K,7.6,
MALtex,100000000.0,100000000.0
2AGPGAT180,0.016,
ASNS2,0.82,
BMOGDS2,0.0048,
HETZK,14.80483333,
EAR141y,5.3,
FDMO3,0.86,
ACACT5r,1.4,14.8
METDtex,100000000.0,100000000.0
DKGLCNR2y,6.725,
GALCTLO,76.08846667,
PGPP160,24.0,
G1PACT,840.5,
DDCAtexi,100000000.0,
MDH2,138.5,
O16AP1pp,18.3185,
D_LACtex,100000000.0,100000000.0
O2tex,100000000.0,100000000.0
CLPNS161pp,1.0,0.025375
URDGLYCD,59.725,
PUNP7,44.93,110.0
2AGPA120tipp,100000000.0,
ACPPAT180,1500.0,
ALATA_L,17.1,131.85
INSt3pp,22.0,
FA100ACPHi,0.004,
PLIPA2G180pp,2.48,
CPMPS,0.0007,
MOAT,2.866666667,
PDXPP,1.25,
CRNtex,100000000.0,100000000.0
DM_5drib_c,,
AI2tpp,22.0,
OAADC,11.0,
SUCCt1pp,100000000.0,100000000.0
FRULYSK,14.80483333,
G3PSabcpp,95.19583333,
LIPAHT2ex,46.80901367,
LPADSS,18.3185,
PRAGSr,7.0,2.3
PRAMPC,3.345,
HKNTDH,2.0,
FE2t2pp,22.0,
LYXt2pp,22.0,
DHPTPE,933.676,933.676
4HBZt3pp,22.0,
CPPPGO,0.003,
GALT1,4.357545811,
12DGR161tipp,,
SADH,3.2,
PGPP140,24.0,
PHEtex,100000000.0,100000000.0
N2Otex,100000000.0,100000000.0
GLYCLTDx,27.275,
UGLYCH,0.018,
FACOAE80,159.0,
GTHOr,733.3,733.3
TRE6PP,14.45,
DHDPS,36.2,
BIOMASS_Ec_iML1515_WT_75p37M,,
CYANtex,100000000.0,100000000.0
CMPN,,
DCMPtex,100000000.0,100000000.0
DHPStr,22.0,
ARBTNR1,,
EDTXS2,46.80901367,
GTPtex,100000000.0,100000000.0
BIOMASS_Ec_iML1515_core_75p37M,,
CU1abcpp,95.19583333,
NTP3,1.1515,
ALLTNtex,100000000.0,100000000.0
AGM4PA,25.0,
ASO3t8pp,95.19583333,
FLVRx,36.35,
CPGNR3,,
CITt3pp,,
LEUabcpp,22.0,
O16AUNDtpp,22.0,
OCDCAtexi,100000000.0,
APH120,1.55e-06,
ACOAD5f,9.17,9.17
DHCURR,9.5,
IMPD,13.0,
LALADGLUtex,100000000.0,100000000.0
DTMPtex,100000000.0,100000000.0
AB6PGH,2.0,
UDPGLCURtex,100000000.0,100000000.0
MLTP3,47.0,0.001
GLYBt3pp,22.0,
GALCTNLt2pp,22.0,
FDMO6,0.86,
ADCS,0.67,
S2FE2SS,0.425,
NTD2pp,1.2,
SULFACabcpp,95.19583333,
2AGPEAT140,0.016,
DASYN181,8.92,
CDAPPA140,90.13177273,
UAGDP,68.41428571,
SELR,227.5,
OCBT,88.1,8.0
GLYCLTDy,24.55,
UM4PCP,160.0,
G3PAT160,166.8,
ECOAH8,7.5465,7.5465
UDPGALM,8.72,
CUtex,100000000.0,100000000.0
PGPP120pp,24.0,
CBPS,3.653333333,
CLPNS180pp,1.0,0.025375
FACOAL60t2pp,0.029,
RMNtpp,22.0,
CYTDK1,0.0041,
OMPHHXy,6.470507937,
HPYRI,1265.461667,1265.461667
LPLIPAL2A180,1016.0,
PPK2,23.6,
PMDPHT,1.465,
PSSA161,1.0,
3HPADHi,0.0017,
CYTBDpp,320.5,
DHPTDNRN,152.75,
PACALDtex,100000000.0,100000000.0
DADNtex,100000000.0,100000000.0
XTSNH,6.3,
DXPS,2.6,
FEENTERR2,,
GAPP,0.012,
TTDCEAtexi,100000000.0,
ACGAMT,1.2,
URATEtex,22.0,22.0
ARBabcpp,95.19583333,
URAt2pp,22.0,
FUMtex,100000000.0,100000000.0
TMPPP,16.08025,
NADH17pp,767.5,
PYK,135.5,
DSBDR,1.40385,
PDX5PS,1.4,
NTPP7,90.13177273,
FDMO4,0.86,
HYD2pp,1500.0,
PTRCORNt7pp,22.0,22.0
GLYBt2pp,22.0,
DAGK180,10.40333333,
ICHORS_copy1,0.35,
GALt2pp,22.0,
2AGPE141tipp,100000000.0,
FA161ACPHi,0.004,
PTRCTA,278.0,
CDGS,,
RMPA,38.3,9.1
MEOHtex,100000000.0,100000000.0
FACOAE181,39.26175,
KARA2,3.8,0.00417
HG2tex,100000000.0,100000000.0
MALS,48.1,
MEPNabcpp,95.19583333,
PAPA140pp,152.0,
TSULtex,100000000.0,100000000.0
DHFS,1.7,
3SLAR,213.4339433,
MELIBt2pp,22.0,
4ABZGLUH,14.75,1515.25
UACGAMPpp,405.0,
SLNTtex,100000000.0,100000000.0
DDPA,122.0,
AM4PCP,160.0,
PAPSR2,3.5,
VPAMTr,13.67,19.0
2DGULRx,60503.775,
SPMDtex,100000000.0,100000000.0
FACOAL181t2pp,0.029,
NTD1,5.2,
QUINDHyi,0.0825,
ADSK,50.0,
G6Pt6_2pp,22.0,
LADGMDH,22.0,
UDCPDPS,2.1762,
TDPADGAT,32.4876,
ADPRDP,11.6,
DALAt2pp,22.0,
ACPPAT181,1500.0,
NTPTP1,4000.0,
MPTG,36.57,
2DGLCtex,100000000.0,100000000.0
EAR40x,5.3,
METt3pp,22.0,
5DGLCNR,7.3275,
NADDP,19.3,
TMPK,0.063,
FEOXAMtonex,22.0,
BPNT,11.4,
DADK,879.0,783.0
23CGMPtex,100000000.0,100000000.0
GGPTRCS,5.94,
PYDAMtpp,,
RNDR3,8.115,
ACOAD8f,5.13,5.13
PGSA140,1.0,
PGP180abcpp,95.19583333,
TRPtipp,22.0,
TRPS1,2.1925,
UDPKAAT,339.905,278.0
NTD4,202.0,
ICHORT,10.0,
CDAPPA180,90.13177273,
ARGDCpp,2.296666667,
DADNt2pp,22.0,
ATPS4rpp,79.0,285.0
SO3tex,100000000.0,100000000.0
Ftpp,22.0,
CRNt2rpp,22.0,22.0
P5CR,148.3333333,
ADOCBLS,0.67,
HEX1,110.075,
NTD10,9.84,
GLCtex_copy1,100000000.0,
NTRIR3pp,700.0,
ARBTNtonex,,
NTP11,38.49325,
DHPTDCs2,,
CLtex,100000000.0,100000000.0
Kabcpp,95.19583333,
APG3PAT160,166.8,
SKMt2pp,22.0,
2HESR,8.4,
CDAPPA181,90.13177273,
TTRCYCtex,100000000.0,100000000.0
FEENTERR1,,
MALt2_2pp,22.0,
NTD12pp,0.24,
UPPRT,0.65,
ALPATE160pp,46.80901367,
CBIuabcpp,0.845,
3OAS120,0.356,
GLCRtex,100000000.0,100000000.0
DSBAO2,22.0,
AGMtex,100000000.0,100000000.0
PSERT,1.54,
CTBTCAL2,11.5895,
CINNDO,4.5,
LPLIPAL2ATE160,1016.0,
CPPPGO2,900.0,
EAR180x,5.3,
GNP,749.8136875,
LCADi,761.5,
GAPD,70.0,73.56
FRD2,250.0,
MPTS,85.46666667,
HCINNMtex,100000000.0,100000000.0
ADNUC,0.5827,
ACM6PH,5.7,
S2FE2ST,22.0,
DADA,1.42,
PItpp,100000000.0,
TTDCAtexi,100000000.0,
PYNP2r,150.0,56.0
KDOPS,6.1,
CDAPPA120,90.13177273,
GTPDPDP,0.023,
PROt4pp,22.0,
PAPA160pp,184.0,
GLCTR1,4.357545811,
MSO3tex,100000000.0,100000000.0
ASNtex,100000000.0,100000000.0
BSORy,25.34181818,
2AGPA140tipp,100000000.0,
2AGPG161tipp,100000000.0,
PG120abcpp,95.19583333,
ALR4x,3.3,
ADOCBLtonex,22.0,
LPLIPAL1G140pp,1016.0,
BUTSO3tex,100000000.0,100000000.0
GLCRAL,27.3,
PAPA161pp,152.0,
GLUTRR,0.15,
BGLA1,170.0,
ASCBPL,6.04,
UREAtpp,100000000.0,100000000.0
TPI,327.0,9000.0
FUMt2_3pp,22.0,
CYStpp,22.0,
GAMAN6Ptex,100000000.0,100000000.0
ACKr,908.0,3557.5
GPDDA1,3.2,
S2FE2SS2,0.425,
PA181abcpp,95.19583333,
NTPP8,95.0,
NDPK8,571.5,783.0
GDPtex,100000000.0,100000000.0
FEENTERabcpp,95.19583333,
CLPNH141pp,,
2AGPE180tipp,100000000.0,
DM_oxam_c,,
I2FE2ST,22.0,
ARBTNtex,,
PAPA141,152.0,
LDH_D,0.07,525.0
CS1tex,100000000.0,100000000.0
PPCDC,2.9,
HYD1pp,1500.0,
METGLCUR,0.001,
PLIPA1A161pp,2.48,
PLIPA1E141pp,2.48,
OCDCEAtexi,100000000.0,
DHORTS,1.71,181.1
LPLIPAL2G160,1016.0,
PUNP3,44.93,110.6
DMSOR2,79.9,
RFAMPtpp,22.0,
EPMEACPR,5.3,
OMMBLHXy,6.470507937,
AMPN,60.66666667,
EDD,368.4865,
CDAPPA161,90.13177273,
DBTS,0.64,
THRt2rpp,22.0,
G3PStex,100000000.0,100000000.0
4PEPTabcpp,22.0,
PROt2rpp,22.0,22.0
ACSERtpp,22.0,
DINStex,100000000.0,100000000.0
ALAALAabcpp,22.0,
APG3PAT141,166.8,
23CUMPtex,100000000.0,100000000.0
DMATT,0.49,
2AGPE120tipp,100000000.0,
MOAT2,2.866666667,
TARTD,368.4865,
DHGLYH,,
SKMtex,100000000.0,100000000.0
ASPtex,100000000.0,100000000.0
PYK3,110.0,
TKT2,22.9,85.25
AHGDx,110.6,16.82075
GLUPRT,58.2,
2DGULRy,6.725,
DATPHs,,
OMCDC,,
3HAD80,368.4865,
LGTHL,1088.0,
CDAPPA141,90.13177273,
FCI,0.0287,0.0287
GF6PTA,15.81,
ARGDC,2.296666667,
OXAMTC,,
L_LACtex,100000000.0,100000000.0
DGUNC,1.2,
12PPDStex,100000000.0,100000000.0
GPDDA3pp,2.8,
DSBAO1,22.0,
RBFSa,0.040957143,
DALAtex,100000000.0,100000000.0
OHPBAT,2.49,0.115
ALLtex,100000000.0,100000000.0
PAI2T,109.4666667,
GLCt2pp,22.0,
POR5,10.84975,362.7222222
LPLIPAL2E160,1016.0,
5DOAN,4.0,
GUACYC,,
23CAMPtex,100000000.0,100000000.0
MALTPTtexi,100000000.0,
AMPtex,100000000.0,100000000.0
3PEPTtex,100000000.0,100000000.0
MANGLYCptspp,3204.0,
FALDH2,11.75,93.75
PSCLYStex,100000000.0,100000000.0
UDPGtex,100000000.0,100000000.0
GLYtpp,100000000.0,100000000.0
SPMDAT1,8.7,
PSCVT,24.6285905,1.2e-05
REPHACCOAI,63.0,63.0
23DOGULNt4pp,22.0,
HACD8,229.0,0.004
GLYCTO4,15.7,
ADCL,0.82,
DAGK140,10.40333333,
PLIPA2E181pp,2.48,
GALS3,7.3875,
UMPtex,100000000.0,100000000.0
NADHXD,0.33,
DHCIND,0.45,
MN2tipp,22.0,
NNATr,5.5,5.5
CPGNUtpp,,
CYTDtex,100000000.0,100000000.0
PROtex,100000000.0,100000000.0
PGL,570.2,
DPCOAK,0.0387,
ACOLIPAabctex,95.19583333,
HKNDDH,2.0,
LPLIPAL2G181,1016.0,
PGPP161pp,24.0,
3OAR180,99.3,0.59
NTD11pp,104.0,
LPLIPAL1A161pp,1016.0,
ACACT1r,1.4,47.4
PTRCt2pp,22.0,
ADNt2pp_copy2,22.0,22.0
LEUt3pp,22.0,
ETHAtex,100000000.0,100000000.0
DHNCOAT,3.165,
MALDt2_2pp,22.0,
GLCabcpp,95.19583333,
FUM,60.0,129.0
23PDE9pp,1.97,
FADt,22.0,
AKGtex,100000000.0,100000000.0
GLYBabcpp,0.097333333,
DASYN160,8.92,
METGLCURt2pp,22.0,
G1PPpp,117.0,
NO2tex,100000000.0,100000000.0
PSCLYSt2pp,22.0,
I4FE4SR,22.0,
PAPSR,3.5,
ETHAt2pp,,
DHBSZ3FEabcpp,95.19583333,
ETHAAL,605.0,
PLIPA2A120pp,3.86,
GLYC3Pt6pp,22.0,
FA141ACPHi,0.004,
3NTD7pp,9.84,
FORCT,4.75,4.5
ADK4,842.0,783.0
GAL1PPpp,0.0348,
CPGNUtex,,
ANHGMtex,100000000.0,100000000.0
ECOAH2,380.5,7.5465
PUNP1,44.93,110.0
DKGLCNR1,8.315,
PGPP181pp,24.0,
DHACOAH,15.0,15.0
SPMDAT2,8.7,
HEPT4,18.3185,
NO3R2bpp,94.286,
SFGTHi,17.505,
ALLTAMH2,18.0,
CYSS,24.0,
DURIK1,2.0,
COLIPAabctex,95.19583333,
MCITS,8.25,
CHRPL,0.82,
SGDS,111.8694444,
DM_mththf_c,,
5DKGR,0.024,0.024
ALAt2pp,22.0,
3AMPtex,100000000.0,100000000.0
GMAND,5.0,
FDH4pp,36.1,
MGSA,220.0,
NTPP6,8.6095,
ETHSO3tex,100000000.0,100000000.0
42A12BOOXpp,86.03333333,
PCNO,45.0,45.0
SERt2rpp,22.0,
GLUN,487.4666667,
CPGNtonex,22.0,
PGPP141pp,24.0,
CITt7pp,22.0,
DHORD5,82.0,
LPLIPAL2E141,1016.0,
MSAR,115.0,
NO2t2rpp,22.0,22.0
3OAR80,99.3,0.59
SERAT,40.1,0.068
SERtpp,22.0,
LPLIPAL2ATG160,1016.0,
PGP141abcpp,95.19583333,
UDPGDC,0.3025,
UPPDC1,0.317,
PAPA160,184.0,
ACACCT,290.0,
PIt2rpp,22.0,
METDabcpp,95.19583333,
METGLCURtex,100000000.0,100000000.0
IGPS,9.3,
FACOAE100,17.0,
FORtppi,100000000.0,
BSORx,93.55647875,
2AGPG120tipp,100000000.0,
MEPCT,51.25,
UGCIAMH,761.0,
TEO2M,0.0524684,
DAGK141,10.40333333,
CD2abcpp,300.0,
ORNtex,100000000.0,100000000.0
PDX5PO2,,
ILEabcpp,22.0,
PG161abcpp,95.19583333,
DUMPtex,100000000.0,100000000.0
CPGNR2,,
GLYALDtpp,100000000.0,100000000.0
SHK3Dr,236.745,118.5425
TMDS,3.11,
DURItex,100000000.0,100000000.0
NI2tex,100000000.0,100000000.0
DGSNtex,100000000.0,100000000.0
OMBZLM,0.0524684,
AHCYSNS,2.1,
HXPRT,83.4,
LPLIPAL2E181,1016.0,
CHTBStex,100000000.0,100000000.0
NODOx,360.0,
GLCS1,284.0,
3OAS141,0.725,
ADPT,9.33,
RMI,224.0,1717.0
PETNT181pp,1.0,
PGSA160,1.0,
MTRPOX,18.9,
SELtex,100000000.0,100000000.0
PGPP141,24.0,
PLIPA2E120pp,2.48,
DHPPD,0.45,
PPALtex,100000000.0,100000000.0
FE3DHBZS3R,1.475,
AGM3PA,25.0,
NAt3pp,22.0,
GTHRDHpp,21.5,
E4PD,20.0,73.6
ADK1,860.5,783.0
FEENTERtonex,22.0,
EDTXS1,131.0,
G3PIabcpp,95.19583333,
HXAtex,100000000.0,100000000.0
HACD6,229.0,0.004
MALTabcpp,95.19583333,
DCYTtex,100000000.0,100000000.0
CELBpts,72.77916667,
XYLK,3308.46,
FE2abcpp,22.0,
CYNTt2pp,22.0,
FE3abcpp,,
PE160abcpp,95.19583333,
APH161,1.55e-06,
ARGAGMt7pp,22.0,22.0
ACOAD3f,9.625,35.0
FACOAL140t2pp,0.029,
MCTP2App,1.41,
MANGLYCtex,100000000.0,100000000.0
EDTXS3,46.80901367,
ABUTD,7.7,
LPLIPAL2A141,1016.0,
GALabcpp,95.19583333,
DCYTt2pp,22.0,
PACOAT,4.905,
GLYCtpp,22.0,22.0
4PEPTtex,100000000.0,100000000.0
ACANTHAT,32.4876,
DAMPtex,100000000.0,100000000.0
SOTA,3.0,
ARBTtex,100000000.0,
DMSOR2pp,40.2,
UAGPT3,0.64,
3OAR121,0.59,
ACHBS,33.0,
CYSItex,100000000.0,100000000.0
DDGLK,11.0,
CBMKr,319.0,319.0
THYMt3pp,,
XAND,69.0,
ALPATG160pp,46.80901367,
PAPA120pp,152.0,
PLIPA1E161pp,2.48,
CLPNH140pp,,
FRUURt2rpp,22.0,22.0
NTPP2,2.55,
OXDHCOAT,7.8,
HPPPNDO,29.0,
FEOXAMabcpp,95.19583333,
GSPMDA,2.1,
TYRt2rpp,22.0,22.0
UACMAMO,0.4,
EAR80x,5.3,
HPACOAT,100.0,
TYRPtex,100000000.0,100000000.0
ZNabcpp,95.19583333,
HEPK1,14.80483333,
PPM2,173.0,173.0
UM3PL,4.83,
SERD_L,436.0,
MDDCP3pp,1.41,
LPLIPAL2ATE180,1016.0,
PTHRpp,67.0,
MANtex,100000000.0,100000000.0
5MTRtex,100000000.0,100000000.0
RBK_L1,40.42,
PGPP161,24.0,
2AGPEAT160,46.80901367,
PYDXtpp,,
H2St1pp,,
FEENTERtex,22.0,
4PCP,160.0,
AM4PA,25.0,
GALCTNt2pp,22.0,
CXSAMS,417.0,
XANtex,100000000.0,100000000.0
GLCNt2rpp,22.0,22.0
CYSItpp,22.0,
MOBDtex,100000000.0,100000000.0
NDPK5,571.5,783.0
FOMETRi,1.515,
APRAUR,7.3275,
CYANST,230.0,
AGM4PH,185.2,
UHGADA,1.5,
ACGAptspp,72.77916667,
XYLK2,35.42,
LYSabcpp,95.19583333,
AADDGT,18.3185,
TMDK1,2.0,
P5CD,5.16,
MOBDabcpp,95.19583333,
FMNRx,34.0,
GLDBRAN2,40.46666667,
VALt2rpp,22.0,
ALTRH,368.4865,
3HAD121,368.4865,
OPMEACPS,0.05165,
LYSt2pp,22.0,
INSt2pp,22.0,
OXCDC,60.7,
HIStex,100000000.0,100000000.0
ALCD19,153.0,1.0
CTBTt2rpp,22.0,22.0
DHQTi,215.0,
GDMANE,0.75,
PPAKr,120.0,114.0
THFAT,12.285,
CLPNS160pp,1.0,0.025375
PSSA140,1.0,
ALLK,14.80483333,
TPRDCOAS,0.01415,
ADSL1r,5.8,2.9
PUACGAMS,35.875,0.338783333
COBALT2t3pp,22.0,
T2DECAI,15.0,15.0
NTD8,2.16,
G3PGtex,100000000.0,100000000.0
TAURtex,100000000.0,100000000.0
2AGPGAT140,0.016,
UDPGPpp,71.0,
BMOGDS1,0.0048,
DMSOR1pp,40.2,
PNSPA,1.12,
ACOAD6f,5.556666667,6.0
PPPNDO,4.5,
FECRMR2,,
FBA,10.8,2.6
ALATA_L2,6.8625,
PAPA181,152.0,
GTHPi,241.6128571,
CGLYabcpp,22.0,
UREAtex,100000000.0,100000000.0
OHPHM,0.0524684,
E4PP,0.766,
ALAtpp,100000000.0,
DHAD2,11.5,
LSERDHr,4.2,3.78
F6Pt6_2pp,22.0,
GLTPD,76.08846667,213.4339433
GHMT2r,12.285,5.0
FEENTERtpp,22.0,
FACOAL120t2pp,0.029,
NTPP10,152.4,
LACZpp,11.7,
PUNP4,44.93,111.0
L_LACD2,53.847349,
PSD180,75.042,
DAGK160,10.40333333,
PPAtex,100000000.0,100000000.0
MAN6Pt6_2pp,22.0,
ACt2rpp,22.0,22.0
LPLIPAL2ATG120,1016.0,
COLIPAabcpp,95.19583333,
TREtex,100000000.0,100000000.0
CYTBO3_4pp,320.5,
NTD4pp,202.0,
GPDDA3,2.8,
ACOATA,3.765,0.46
ALAR,27.6,2.0
TARTt2_3pp,22.0,
PE180abcpp,95.19583333,
GMHEPK,192.4024167,
TDPAGTA,0.38,
NTD11,104.0,
5MTRtpp,,
6D6SFK,14.80483333,
LALADGLUtpp,22.0,
NI2uabcpp,95.19583333,
SQGH,14.3,
CYSDS,25.35,
APH140,1.55e-06,
34dhpactex,100000000.0,100000000.0
PPA2,3.46,
GBBTNtex,100000000.0,100000000.0
TDP,90.13177273,
PSP_Lpp,37.55,
HACD3,229.0,0.004
DHNCOAS,0.062,
ACMANAtex,100000000.0,100000000.0
CH4t2pp,,
Kt3pp,22.0,
3NTD9pp,16.82333333,
NO3R1pp,68.0,
2AGPEAT161,0.016,
G5SADs,,
ACOAD1f,8.01,
23PDE4pp,7.63,
VALt3pp,22.0,
TAUDO,3.3,
DXPRIi,32.25,
LYStex,100000000.0,100000000.0
BETALDHy,60.384,
PSURItpp,22.0,
INSH,2.198,
THYMtex,100000000.0,100000000.0
FRULYStex,100000000.0,100000000.0
HOMt2pp,22.0,
RMNtex,100000000.0,100000000.0
DURIt2pp,22.0,
EAR141x,5.3,
THMtex,100000000.0,100000000.0
ACACT8r,1.4,1.4
THMDt2pp_copy2,22.0,22.0
NODOy,670.0,
LCTStpp,22.0,
MPTG2,36.57,
GLYtex,100000000.0,100000000.0
PLIPA2A141pp,3.86,
FORtex,100000000.0,100000000.0
AOBUTDs,,
FCLT,0.013,
ACCOAL,51.46666667,
IG3PS,138.0,
INDOLEtex,100000000.0,100000000.0
CMtpp,22.0,
DNMPPA,,
PPGPPDP,2.985,
MLTGY2pp,291.6204286,
ACPPAT161,1500.0,
BWCOGDS1,0.0048,
ECAP3pp,18.3185,
ALR2,45.92333333,
GLBRAN2,0.15,
PSSA141,1.0,
DHPTDNR,20.0,
CLPNH120pp,,
GLYC3Pabcpp,95.19583333,
MLDCP1App,106.3,
NADHXE,0.33,0.33
NADPHXE,0.33,0.33
CYTD,4.8,
QULNS,16.08025,
PA120abcpp,95.19583333,
OGMEACPR,0.59,
CYSabc2pp,22.0,
AGt3,22.0,
ADEtex,100000000.0,100000000.0
LPLIPAL1A160pp,1016.0,
MDDCP1pp,1.41,
UPP3S,500.0,
NDPK3,571.5,458.7
ALLPI,2100.0,2100.0
GTHRDabcpp,95.19583333,
LCTSt3ipp,22.0,
SUCCtex,100000000.0,100000000.0
ENO,141.4,34.07
DSERt2pp,22.0,
KDOPP,1.14,
DGK1,510.0,209.0
PHYTSpp,6931.0,
GLUABUTt7pp,22.0,22.0
LPLIPAL1G181pp,1016.0,
2AGPEAT180,46.80901367,
GLCURtex,100000000.0,100000000.0
ASPO5,0.267,
SUCBZS,52.0,
CMPtex,100000000.0,100000000.0
2AGPGAT160,0.016,
ACPPAT160,1500.0,
EAR121y,5.3,
12DGR141tipp,,
PGSA120,1.0,
PYDXtex,100000000.0,100000000.0
RIBtex,100000000.0,100000000.0
AOXSr2,0.028,
OROTt2_2pp,22.0,
DASYN161,8.92,
DHDPRy,5.35,
PSERtex,100000000.0,100000000.0
UGLT,628.8,283.0
TRPS3,1.49325,
3HPPPNH,117.0090215,
SCYSDS,0.5,
MCITL2,19.0,19.0
MALDtex,100000000.0,100000000.0
GLYCLTt2rpp,22.0,22.0
3HAD120,368.4865,
AACPS6,21.94,
DAAD,0.74,
AMPMS2,2.848283333,
LYXI,73.8,
PHEt2rpp,22.0,22.0
MANPGH,72.26175,
ORPT,1.95,5.433333333
QUINDH,0.092,
PHDA,94.65,
FUSAtex,100000000.0,100000000.0
DPR,12.56,
MINCYCtex,100000000.0,100000000.0
HEPT1,79.47949376,
NNDMBRT,1.6,
GLUt2rpp,22.0,22.0
ASPO3,0.267,
PYK2,3204.0,
LIPOtex,100000000.0,100000000.0
MLTG5,845.0,
3UMPtex,100000000.0,100000000.0
ASPtpp,100000000.0,100000000.0
TARTRtex,100000000.0,100000000.0
NDP3,660.3553889,
FEENTERR4,1.475,
UAG2E,3.625,3.625
FACOAE120,7.3455,
ZN2t3pp,22.0,
CHLt3pp,22.0,
PPCK,38.0,
FACOAE160,3.7,
ECOAH3,380.5,7.5465
CFAS180E,0.067,
G3PAT120,166.8,
PTRCtex,100000000.0,100000000.0
ASAD,249.6225,15.6
ALAt4pp,22.0,
RNDR1b,8.115,
UDPGPT,5.315,1.0
LYSt3pp,22.0,
PLIPA2E141pp,2.48,
GALM2pp,12000.0,
SELabcpp,95.19583333,
DGMPtex,100000000.0,100000000.0
GTHRDabc2pp,22.0,
PSURIK,14.80483333,
F1PP,0.012,
LPLIPAL2A120,1016.0,
LPLIPAL2A161,1016.0,
TRPAS2,5.4,5.4
CYTBD2pp,320.5,
MALTATr,32.4876,109.4666667
THRA2,3.55,
3AMACHYD,111.8694444,
LPLIPAL2ATG161,1016.0,
GLYBtex,100000000.0,100000000.0
GTPCII2,0.064,
RPNTPH,90.13177273,
PGK,1480.0,2633.0
O16GALFT,3.236666667,
ARAI,23.65,241.7
SO2tex,100000000.0,100000000.0
3OAR100,99.3,0.59
PLIPA2E161pp,2.48,
PPPNtex,100000000.0,100000000.0
LPLIPAL1G160pp,1016.0,
AGDC,95.875,
2AGPA161tipp,100000000.0,
DHBD,25.3,25.3
APPLDHr,3.3,3.3
PYRtex,100000000.0,100000000.0
SERt4pp,22.0,
AGM4Pt2pp,22.0,
RNDR2b,8.115,
H2Otpp,100000000.0,100000000.0
AIRC2,5.9,
PNTOt4pp,22.0,
HXCT,290.0,
DHPStex,100000000.0,100000000.0
ECOAH6,380.5,7.5465
FE3Ri,17.37,
LALDO3,,
INStex,100000000.0,100000000.0
OPHHX3,,
DHQS,16.0,
GLYCTO2,15.7,
LPLIPAL1E160pp,1016.0,
CBLAT,0.05,0.11
KG6PDC,54.25,
NTP1,8.6095,
MTAN,4.0,
ACOAD4f,782.8622222,782.8622222
GLCUR1Ptex,100000000.0,100000000.0
MOX,,
METOX1s,,
HSTPT,426.0,
PHEtipp,22.0,
GSNtex,100000000.0,100000000.0
GLYAT,27.07633333,109.4666667
3OAR160,99.3,0.59
SO4tex,100000000.0,100000000.0
ADMDC,0.088,
RBP4E,15.825,15.825
COBALT2abcpp,300.0,
ETOHtex,100000000.0,100000000.0
LPLIPAL2E180,1016.0,
FE3DCITexs,,
FUMt2_2pp,22.0,
FACOAL180t2pp,0.029,
3OAR60,99.3,0.59
CPGNexs,,
GLYCK2,62.68985714,
Ftex,100000000.0,100000000.0
ADA,11.5,
PA160abcpp,95.19583333,
GPDDA5pp,3.2,
PAI2I,1265.461667,
AGPAT180,46.80901367,
TREptspp,3204.0,
SPMS,0.14,
PTA2,1500.0,
BALAtex,100000000.0,100000000.0
TGBPA,5.38,5.38
2AGPE161tipp,100000000.0,
DXYLONtex,100000000.0,100000000.0
PPPNt2rpp,22.0,22.0
G1PTT,12.008,
CLPNS181pp,1.0,0.025375
O16A4Lpp,18.3185,
PA140abcpp,95.19583333,
G3PAT180,166.8,
GPDDA4pp,3.3,
NDPK2,571.5,783.0
CDGUNPD,0.000363333,
ALLTNt2rpp,22.0,22.0
ARBTptspp,3204.0,
MN6PP,0.012,
SBTtex,100000000.0,100000000.0
LPLIPAL1G161pp,1016.0,
ACODA,2700.0,
MC6PH,2.0,
LPLIPAL1A120pp,1016.0,
MECDPS,2.7,
ARGSS,4.212083333,
EAR121x,5.3,
SHKK,35.0,
GLUSy,4.35,
G5SD,176.8525,
ARBtex,100000000.0,100000000.0
BUTt2rpp,22.0,22.0
3OAS80,1.63,
ASNt2rpp,22.0,22.0
NACtpp,,
PLIPA1A181pp,2.48,
NTD9,11.0,
FEENTERES,22.0,
PGPP180pp,24.0,
TTRCYCtpp,22.0,
PPDOy,38.1,
CS,51.0,
AMALT4,1.3,
AGPAT141,46.80901367,
PMPK,0.07,
4ABZGLUtr,22.0,22.0
2AGPG181tipp,100000000.0,
MCPST,12.5,
UDCPDPpp,9.0,
SDPTA,17.13666667,0.67
PLIPA2E160pp,2.48,
H2Stex,100000000.0,100000000.0
LEUt2rpp,22.0,
AGMH,185.2,
TMAtex,100000000.0,100000000.0
PYDXNK,0.3,
3HAD60,368.4865,
ABUTtex,100000000.0,100000000.0
DHMPTR,19.2,
TAURabcpp,95.19583333,
G2PPpp,1831.0,
NTP5,449.17,
MNNH,0.81,
OROTtex,100000000.0,100000000.0
THMDt2pp_copy1,22.0,
OPHHXy,6.470507937,
GALTptspp,3204.0,
PEAMNtex,100000000.0,100000000.0
PDE4,0.000363333,
ACGAtex,100000000.0,100000000.0
ALLTN,310.85,
GSPMDS,4.2,
F6PA,25.7,0.002
M1PD,9.55,125.0
CHORM,233450.0,
ACONTa,19.6,5.2
CHOLID,107.15,
ASPK,28.05,22.13
G3PT,9.84,
UPLA4FNF,111.8694444,
PLIPA1E160pp,1.1,
MG2tpp,100000000.0,
PLIPA1E181pp,2.48,
PLIPA1G181pp,2.48,
LPLIPAL1G120pp,1016.0,
NTPP11,1009.0,
UAMAGS,19.6,
GLU5K,908.0,
ARBt2rpp,22.0,22.0
2AGPA180tipp,100000000.0,
ADNCYC,1.67,
ASNS1,2.68,
CDPMEK,14.80483333,
SQtex,100000000.0,100000000.0
3HBZCT,10.3,
NDPK4,571.5,783.0
LPLIPAL1A180pp,1016.0,
CFAS160G,0.067,
LALGP,0.7,
EAR100x,5.3,
COLIPAKpp,96.06077778,
EAR140x,5.3,
AGM4PApp,25.0,
AGPAT140,46.80901367,
LPLIPAL1E120pp,1016.0,
CPL,126.7850538,
HISt2rpp,22.0,22.0
ASCBptspp,3204.0,
FE2tex,100000000.0,100000000.0
ASPt2_3pp,22.0,
CRNDt2rpp,22.0,22.0
ARBt3ipp,22.0,
ACALDtex,100000000.0,100000000.0
G3PCtex,100000000.0,100000000.0
QMO3,69.50713596,
XYLUtex,100000000.0,100000000.0
RNDR2,8.115,
MPTSS,370.0,
PPCSCT,70.9,
NADH9,8.9,
PAPA140,152.0,
GDPTPDP,2.985,
ARBTNexs,,
WCOS,1.375,
CLPNH181pp,,
RNDR4b,8.115,
2AGPA141tipp,100000000.0,
SSALy,22.6,
FESD2s,,
FE3HOXexs,,
PYK4,3204.0,
H2tex,100000000.0,100000000.0
O16GLCT2,,
LIPOCT,0.2,
FE3DCITR5,1.475,
PYDXPP,1.52,
SERASr,370.0,2.133333333
FECRMtonex,22.0,
FCLPA,19.0,9.83
FRULYSE,9201.8125,9201.8125
12PPDRtex,100000000.0,100000000.0
NNAM,11.65,
LPLIPAL1E161pp,1016.0,
ACOAD7f,2.3825,2.33
MLDEP2pp,0.5,
CHOLATEtpp,22.0,
ILEtex,100000000.0,100000000.0
FE3HOXR1,,
LCTStex,100000000.0,100000000.0
2AGPGAT161,0.016,
ILEt3pp,22.0,
CHORS,29.0,
PROabcpp,0.097333333,
ICYSDS,0.5,
LEUTAi,15.655,
BWCOGDS2,0.0048,
LIPOt2pp,,
ADSS,1.59,
CHOLD,0.08,
PANTS,1.4,
L_LACD3,53.847349,
GLYCLTtex,100000000.0,100000000.0
GALURt2rpp,22.0,22.0
IPPMIb,10.0,368.4865
PPC,540.0,
METS,8.33,
MLTGY3pp,291.6204286,
PSD120,75.042,
CDPPH,700.0,
PYDAMK,0.55,
TDPGDH,4.9,
DAPabcpp,,
XYLUt2pp,22.0,
NAt3_1p5pp,22.0,
TMDPP,130.0,0.275
TARTRDtex,100000000.0,100000000.0
NTD6pp,0.3,
KDUI,1265.461667,
GRTT,0.345,
URAtpp,,
UMPK,229.0,68.68233333
DM_4crsol_c,,
GUAtpp,100000000.0,100000000.0
UDPGD,21.93333333,
GMPS,6.9,
MDDCP4pp,1.41,
OPHBDC,75.042,
G3PD2,113.1567,7.3275
CSND,165.0,
URIK1,0.0041,
H2Otex,100000000.0,100000000.0
PLIPA2A181pp,2.48,
PRASCSi,19.6,
CBL1tonex,22.0,
G3PItex,100000000.0,100000000.0
LDGUNPD,0.000363333,
UPP3MT,38.0,
MAN1PT2,22.1,
R1PK,,
NTD10pp,171.9466667,
PYROX,15.5,
RHCCE,0.4,
DKGLCNR2x,60503.775,
MNLptspp,72.77916667,
PA141abcpp,95.19583333,
APG3PAT120,166.8,
TYRPpp,62.4,
CD2tpp,22.0,
YUMPS,0.00833,0.00833
FE3tex,100000000.0,100000000.0
PG180abcpp,95.19583333,
AMANAPEr,9201.8125,9201.8125
CLPNS140pp,1.0,0.025375
PACCOAE,6.470507937,
CAT,2162.5,
PLIPA1A160pp,1.1,
XYLt2pp,22.0,
CYSDDS,72.0,
RNTR2c2,34.15,
MMETt2pp,22.0,
NMNtex,100000000.0,100000000.0
ACACT2r,1.4,14.8
NHFRBO,316.15,
TRDR,0.25,
GND,98.0,
FACOAL141t2pp,0.029,
DINSt2pp,22.0,
GAMptspp,3204.0,
ARMEPNS,1.0,
3OAR120,99.3,0.59
4ABZGLUtex,100000000.0,100000000.0
PSD160,75.042,
HEMEOS,2.076535714,
UDPGALtex,100000000.0,100000000.0
ACOTA,4.7,25.45
CYSabcpp,95.19583333,
PLIPA2A140pp,3.86,
BWCOS,1.375,
PGSA181,1.0,
2DDARAA,13.15414286,0.0121
GMPR,0.28,
CTECOAI7,63.0,63.0
XYLabcpp,95.19583333,
NTD5pp,0.195,
THRtex,100000000.0,100000000.0
ECOAH4,380.5,7.5465
HBZOPT,0.002,
DUTPDP,58.3,
ABUTt2pp,22.0,
PLIPA2G140pp,2.48,
GTPHs,,
SPODMpp,22300.0,
BTNt2ipp,,
URIt2pp_copy1,22.0,
FALDtex,100000000.0,100000000.0
LKDRA,0.35,0.3
ETHSO3abcpp,95.19583333,
ASPCT,417.0,
IMPC,8.6,8.6
CYTK1,68.68233333,68.68233333
AKGt2rpp,22.0,22.0
FE3HOXtonex,22.0,
3HAD141,368.4865,
PSSA160,1.0,
GLYCtex,100000000.0,100000000.0
PGM,14.0,275.0
FORt2pp,22.0,
EAR140y,5.3,
UAPGR,9.5,
CPH4S,13.15414286,
UM4PL,4.83,
NACtex,100000000.0,100000000.0
K2L4Aabcpp,95.19583333,
PPA,390.0,
LPLIPAL1A181pp,1016.0,
URACPAH,111.8694444,
AGPR,30.56378857,176.8525
FA120ACPHi,0.004,
IMPtex,100000000.0,100000000.0
FECRMR3,,
DHBSH,,
PLIPA1A120pp,1.1,
GLYCK,350.0,
ACOAD2f,4700.0,782.8622222
THDPS,1.1,
CRNDtex,100000000.0,100000000.0
DAGK181,10.40333333,
TYRL,85.46666667,
AGM3PH,185.2,
BUTtex,100000000.0,100000000.0
FRUptspp,806.33125,
ACGAMK,21.6875,
PGP120abcpp,95.19583333,
FEOXAMR3,22.0,
2AGPE160tipp,100000000.0,
2MAHMP,90.13177273,
14GLUCANabcpp,95.19583333,
FEOXAMUtpp,,
MTHFD,10.0,14.0
4HTHRA,1.44,1.44
RZ5PP,749.8136875,
NTD2,1.2,
FACOAE161,39.26175,
GAMtex,100000000.0,100000000.0
ADNt2pp_copy1,22.0,
OBTFL,4.065,
ZN2tpp,22.0,
IPPS,330.0,
MMCD,1.71,
PSSA180,1.0,
DAPAL,24.6,
TRPS2,3.695,
METOX2s,,
2AGPGAT181,0.016,
MTHFC,134.0,134.0
PAPA141pp,152.0,
LCARSyi,38.1,
3NTD4pp,5.93,
GAM6Pt6_2pp,22.0,
MALTptspp,3204.0,
SUCBZL,2.62,
CYSSADS,3.3,
LCARS,213.4339433,76.08846667
ACMANAptspp,3204.0,
SHCHD2,0.45,
NTRIR4pp,700.0,
DSBCGT,0.000564,
HG2abcpp,300.0,
DHAPT,2.8,
LPLIPAL1G180pp,1016.0,
MEPNtex,100000000.0,100000000.0
GLUt4pp,22.0,
2AGPE181tipp,100000000.0,
SLNTabcpp,95.19583333,
DOPAtex,100000000.0,100000000.0
FLVR,263.2083333,
PAPA181pp,152.0,
PGPP120,24.0,
ASO3tex,100000000.0,100000000.0
CRNCAR,368.4865,368.4865
NTPP1,2.55,
ACGK,38.25,
GUAPRT,112.0,
DMSOtex,100000000.0,100000000.0
GLCNtex,100000000.0,100000000.0
MG2uabcpp,95.19583333,
14GLUCANtexi,100000000.0,
METSOX2tex,100000000.0,100000000.0
HISTP,1132.5,
NADH10,8.9,
FACOAE140,6.2,
CTBTabcpp,0.097333333,
ALR2x,171.5562908,
AGPAT181,46.80901367,
XTSNtex,100000000.0,100000000.0
3HAD100,368.4865,
ASPO6,0.267,
MALTHXtexi,100000000.0,
S4FE4ST,22.0,
PPNCL2,0.88,
LPLIPAL2G140,1016.0,
NI2tpp,22.0,
MLTGY1pp,291.6204286,
AGM3PApp,25.0,
MACPD,0.05165,
G3PD5,33.3,
G3PAT161,166.8,
NADK,90.0,
HISTD,1.136166667,
FRULYSt2pp,22.0,
PIuabcpp,51.02916667,
2AGPE140tipp,100000000.0,
UAGAAT,9.166666667,9.166666667
CRNt8pp,22.0,
TDPDRE,39.0,
RHAT1,18.3185,
NTD1pp,171.9466667,
GUR1PPpp,,
CADVtpp,22.0,
ULA4Ntppi,22.0,
DHORD2,82.0,
GLCptspp,73.8,
USHD,90.13177273,
PA180abcpp,95.19583333,
2AGPGAT141,0.016,
PSD181,75.042,
ASR,0.3,
NADH18pp,767.5,
ALAALAtex,100000000.0,100000000.0
DHAtex,100000000.0,100000000.0
GLYC2Ptex,100000000.0,100000000.0
ALDD2y,53.5,
HMPK1,0.254175,
CYSTL,45.3,
GALtex,100000000.0,100000000.0
MNtex,100000000.0,100000000.0
3OAS60,0.97,
ICL,5.2,
AAMYL,132.0,
ACACT4r,1.4,14.8
ACP1_FMN,0.59,
CUt3,22.0,
AP5AH,250.0,
INOSTt4pp,22.0,
CRNCDH,368.4865,10.0
GAL1Ptex,100000000.0,100000000.0
RNTR4c2,34.15,
DHBS,5.665,
5DGLCNt2rpp,22.0,22.0
THRt2pp,22.0,
3OAS161,0.725,
3OAR161,0.59,
ACONMT,0.0524684,
SBTPD,76.08846667,213.4339433
R15BPK,23.6,
23PDE7pp,7.63,
FACOAE60,3.7615,
GALCTD,22.0,
AGMHE,9201.8125,
FACOAL100t2pp,0.029,
METNA,32.4876,109.4666667
NH4tex,100000000.0,100000000.0
INSK,14.80483333,
GLCRt2rpp,22.0,22.0
ADSL2r,7.0,2.9
ASPT,180.0,
GLXCL,18.9,
CBItonex,22.0,
CYNTAH,46000.0,
TUNGStex,100000000.0,100000000.0
LPLIPAL2E120,1016.0,
BTS5,13.9,
LPLIPAL2A181,1016.0,
PDX5POi,0.13,
LPLIPAL1E180pp,1016.0,
G2PP,4.6,
HPYRRx,29.73333333,
THRD,135.0,
ICDHyr,11.1,88.1
BALAt2pp,22.0,
VALabcpp,22.0,
GGGABAH,111.8694444,
FUCtex,100000000.0,100000000.0
PA161abcpp,95.19583333,
NTP10,226.6424,
MDDCP2pp,1.41,
CYSTA,27.0,
ALLabcpp,95.19583333,
FACOAL160t2pp,0.029,
G3PD6,33.3,
FECRMUtex,,
TMAOR2,1203.0,
R5PP,9.84,
SUCDi,110.0,
FADtex,22.0,22.0
ECOAH1,15.0,971.0
HSST,25.7,
23DAPPAtex,100000000.0,100000000.0
LPLIPAL2ATE140,1016.0,
PPNDH,48015.625,
NTD7pp,577.5,
ALAabcpp,22.0,
GLCP2,47.0,
XTSNt2rpp,22.0,22.0
PLIPA1G140pp,2.48,
MPTAT,0.0012,
PLIPA1G161pp,2.48,
4HOXPACDtex,100000000.0,100000000.0
ANPRT,4.4,
AGMT,0.032,
3HAD180,368.4865,
PLIPA2E180pp,2.48,
HADPCOADH3,76.08846667,213.4339433
EAR181x,5.3,
CLt3_2pp,22.0,
HMBS,0.25,
ACGAM1PPpp,,
PUNP2,44.93,2.77
ARBTNR3,,
FUSAtpp,22.0,
3PEPTabcpp,22.0,
BUTCT,290.0,
GUI1,196.0,196.0
3HCINNMH,117.0090215,
METabcpp,95.19583333,
GTHOXtex,100000000.0,100000000.0
GTPCI,0.039,
OXCOAHDH,39.0,
Kt2pp,22.0,
DDGALK,14.80483333,
SELGTHR2,,
3NTD2pp,16.82333333,
PLIPA2G181pp,2.48,
LIPOS,85.46666667,
MALt2_3pp,22.0,
NAMNPP,0.158,
PPBNGS,16.1,
RNDR1,8.115,
LPLIPAL2G161,1016.0,
ORNabcpp,95.19583333,
GUAtex,100000000.0,100000000.0
DCTPD,1.24,
AICART,13.5,5.0
GPDDA1pp,3.2,
ACBIPGT,0.058,
TYRtex,100000000.0,100000000.0
DNTPPA,11.6,
ACLS,38.94,
3GMPtex,100000000.0,100000000.0
AACPS9,21.94,
LPLIPAL1E181pp,1016.0,
SPODM,22300.0,
MANptspp,1068.078333,
ASPt2pp,22.0,
FTHFLi,,
G3PCabcpp,95.19583333,
GRXR,22.0,
ECOAH7,380.5,7.5465
DASYN140,8.92,
OGMEACPD,368.4865,
SPMDt3pp,22.0,
GLCDpp,3860.0,
GLYt4pp,22.0,
METtex,100000000.0,100000000.0
DMStex,100000000.0,100000000.0
DHAD1,11.5,
RNDR4,8.115,
AMALT2,1.3,
NMNDA,4.1,
KAS14,0.05165,
FACOAE141,39.26175,
ECA4COLIPAabctex,95.19583333,
ADNtex,100000000.0,100000000.0
GMHEPAT,370.0,
PSD141,75.042,
SELGTHR3,,
DDGLCNt2rpp,22.0,22.0
NADPHHR,73.56,
ARBTNabcpp,95.19583333,
26DAHtex,100000000.0,100000000.0
O16AT,32.4876,
FHL,112.5575,
GDPMNP,151.0,
BETALDHx,49.465,
AST,0.37325,
GTHRDtex,100000000.0,100000000.0
PG160abcpp,95.19583333,
TMAOtex,100000000.0,100000000.0
NADHHS,73.6,
ACPPAT140,1500.0,
ACACtex,100000000.0,100000000.0
INDOLEt2pp,22.0,
NTPP9,911.7,
APCS,0.14,
URIC,,
PSD161,75.042,
TRPtex,100000000.0,100000000.0
PPTHpp,33.0,
LPLIPAL2E140,1016.0,
S2FE2SR,0.425,
MN2tpp,22.0,
PUACGAMtr,18.3185,
GALURtex,100000000.0,100000000.0
MDH3,138.5,
AMPTASEPG,92.0,
FRUURtex,100000000.0,100000000.0
12DGR140tipp,,
3HAD161,368.4865,
DHNAOT4,16.08025,
DMPPS,3.7,
GLYCL,135.5,
FRUpts2pp,806.33125,
EAR181y,5.3,
HEPK2,14.80483333,
3HAD40,368.4865,
QMO2,69.50713596,
HCYSMT2,0.38,
2AGPG180tipp,100000000.0,
NMNt7pp,,
FDMO2,0.86,
FMNAT,370.0,
PLIPA1G120pp,2.48,
CURR,9.5,
CITtex,100000000.0,100000000.0
GART,16.78547619,
G3PAT140,166.8,
TDSR1,0.702207,
NADPHQR2,22.0,
EAR160x,5.3,
EAR100y,5.3,
PYAM5PO,14.86,
2DGLCptspp,1618.85,
GLUDC,42.055,
ASPO4,0.267,
FEOXAMR1,22.0,
ACPPAT120,1500.0,
PRATPP,90.13177273,
DHPPDA2,38.69725,
AMMQLT8,0.0524684,
GLYOX,780.0,
G1PP,117.0,
DDGLCNtex,100000000.0,100000000.0
RBFK,3.716666667,
NADH16pp,767.5,
4PCPpp,160.0,
DAGK161,10.40333333,
FE2t3pp,22.0,
NTPP3,14.3,
PGSA141,1.0,
ARBTNtpp,,
FMNtex,22.0,22.0
FECRMabcpp,95.19583333,
ARGt3pp,22.0,
NTD6,0.22,
CD2tex,100000000.0,100000000.0
FRUK,14.80483333,
AKGDH,1.2,
ASPTA,404.0,585.0
METAT,1.5,
EDTXS4,46.80901367,
2AGPA181tipp,100000000.0,
3OAS180,0.725,
HYPOE,,
HCO3E,5105.107143,46000.0
12DGR120tipp,,
PROGLYtex,100000000.0,100000000.0
TREH,199.0,
ISETACabcpp,95.19583333,
HISabcpp,95.19583333,
CTECOAI6,63.0,63.0
LEUtex,100000000.0,100000000.0
PDE1,0.000945,
PYDXK,2.15,
PACCOAL,40.0,
ISETACtex,100000000.0,100000000.0
AACTOOR,,
FECRMUtpp,,
OMMBLHX3,,
NO3R1bpp,94.286,
CDGR,0.06515,
2AGPEAT141,0.016,
ADK3,842.0,783.0
MAN6Ptex,100000000.0,100000000.0
ABTA,47.4,
GALBDtex,100000000.0,100000000.0
AGPAT120,46.80901367,
GLNS,50.0,
PMANM,134.9,82.93
DOXRBCNtpp,22.0,
DGSNt2pp,22.0,
FE3HOXUtpp,,
GGPTRCO,84.07596667,
TRPt2rpp,22.0,22.0
PFK,79.8,
DAPDC,4.45,
AGPAT161,46.80901367,
FECRMexs,,
PRMICI,14.3,14.3
HACD1,229.0,7.504
CYNTtex,100000000.0,100000000.0
FE3HOXabcpp,95.19583333,
TMAOR1,1203.0,
NTD3pp,0.23,
PYDXNtex,100000000.0,100000000.0
FUMt1pp,100000000.0,100000000.0
MAN6PI,1.38,141.0
PAPPT3,5.315,
PPAt4pp,22.0,
FMNt,22.0,
GLYCAt2rpp,22.0,22.0
LIPAHTex,46.80901367,
THRt4pp,22.0,
PGLYCP,94.0,
GLYCTO3,15.7,
FMNRx2,263.2083333,
MMETtex,100000000.0,100000000.0
ACNAMt2pp,22.0,
AGMt2pp,22.0,
DASYN180,8.92,
ACACt2pp,22.0,22.0
SERD_D,118.0,
12DGR180tipp,,
SBTptspp,3204.0,
PG140abcpp,95.19583333,
12DGR181tipp,,
I2FE2SR,0.5,
H2O2tex,100000000.0,100000000.0
AMALT1,0.157,
3OAS121,0.725,
FRULYSDG,105.2504048,0.254816667
MALTtexi,100000000.0,
FACOAL80t2pp,0.029,
RIBabcpp,95.19583333,
GDPMNH,151.0,
U23GAAT,23.0,
PSSA120,1.0,
NADN,,
CLIPAabctex,95.19583333,
XANt2pp,22.0,
POX,167.0,
EDA,149.93,
GALUi,23.876,
LPLIPAL2G120,1016.0,
NMNPtpp,22.0,
LPLIPAL1E141pp,1016.0,
UGLCURPpp,207.42,
FESR,22.0,
GLYCAtex,100000000.0,100000000.0
DTARTD,1149.5,
MLTGY4pp,291.6204286,
AMANK,14.80483333,
PRAIi,36.0,
PLIPA1E140pp,2.48,
GPDDA5,3.2,
ALCD2x,352.2,0.3
DMSOR1,79.9,
SUCFUMtpp,22.0,22.0
F6Ptex,100000000.0,100000000.0
ACACT7r,1.4,14.8
OCTNLL,0.133,
SDPDS,140.0,
GLYCLTt4pp,22.0,
ECA4OALpp,18.3185,
MOAT3C,2.866666667,
LYSDC,30.0,
SPMDabcpp,95.19583333,
PSURItex,100000000.0,100000000.0
CSNtex,100000000.0,100000000.0
CITL,298.35,
GARFT,13.5,13.5
PRPPS,0.66,0.66
ACNAMtex,100000000.0,100000000.0
CYTDt2pp_copy1,22.0,
FE3DCITtonex,22.0,
POAACR,93.55647875,
ACGS,200.0,
PROD3,20.0,
AACPS5,21.94,
HG2t3pp,22.0,
GMPtex,100000000.0,100000000.0
SUCCt2_2pp,22.0,
MLDCP3App,106.3,
HXAND,30.0,
EAR120x,5.3,
G1Ptex,100000000.0,100000000.0
NI2t3pp,22.0,
A5PISO,10.5,16.8
R5Ptex,100000000.0,100000000.0
TSULabcpp,95.19583333,
LACZ,6300.0,
FDH5pp,36.1,
INSTtex,100000000.0,100000000.0
NO3t7pp,22.0,
NTPP5,4.59,
PPM,173.0,173.0
NMNAT,0.904583333,
FECRMR1,,
23DAPPAt2pp,,
GUAD,2.7,
MI1PP,2.445,
MALDDH,76.08846667,
PAPA120,152.0,
23PDE2pp,7.63,
4HTHRK,14.2,
DTMPK,3.0,0.86
NTD3,0.23,
PLIPA2G120pp,2.48,
X5PL3E,9201.8125,
ALDD19xr,40.15666667,26.7
ALAALAD,22.85,
FADRx2,247.0357143,
Zn2tex,100000000.0,100000000.0
ALDD4,,
PLIPA1E180pp,1.1,
METSOX1tex,100000000.0,100000000.0
ARGtex,100000000.0,100000000.0
MLTP2,47.0,0.001
O16GLCT1,22.0,
CBIAT,0.03,0.11
PE140abcpp,95.19583333,
PGCD,13.5,
THD2pp,40.88335,
RU5PP,0.012,
RBFSb,0.267,
LPLIPAL2A160,1016.0,
G3PD7,33.3,
FDMO,0.86,
TARTRt7pp,22.0,22.0
LPLIPAL2ATG181,1016.0,
IDOND2,7.3275,
DHCINDO,29.0,
MELIBt3ipp,22.0,
PGMT,126.8,48.895
TRE6PH,72.26175,
MG2tex,100000000.0,100000000.0
SUCMALtpp,22.0,22.0
LIPACabcpp,95.19583333,
LPLIPAL2ATE181,1016.0,
Htex,100000000.0,100000000.0
DOXRBCNtex,100000000.0,100000000.0
ADEt2rpp,22.0,22.0
PHEMEtiex,,
MINOHPtexi,,
TCYNTtex,100000000.0,100000000.0
SHCHF,0.034,
DC6PDA,29.5,
AACPS8,21.94,
PE181abcpp,95.19583333,
ACSERtex,100000000.0,100000000.0
3OAS100,3.1,
PSD140,75.042,
G6PDH2r,174.0,288.0
PPK,23.6,
ACMUMtex,100000000.0,
3HPPtex,100000000.0,100000000.0
DMQMT,0.0524684,
PMEACPE,18.5,
MECDPDH5,3.7,
VALTA,19.0,13.67
SELGTHR,,
SULFACtex,100000000.0,100000000.0
FEROpp,3.91,
PLIPA1A180pp,1.1,
3OAR181,0.59,
FUCtpp,22.0,22.0
G6Ptex,100000000.0,100000000.0
UAGCVT,4.633333333,
MALTTTRtexi,100000000.0,
PLIPA2G141pp,2.48,
FEOXAMUtex,,
SSALx,45.8,
LIPAabcpp,95.19583333,
PYDAMtex,100000000.0,100000000.0
OMPDC,42.0,
2AGPG160tipp,100000000.0,
LIPATPT,0.176,
2HPTCOAT,22.0,
PGPP160pp,24.0,
GLCtex_copy2,100000000.0,100000000.0
LPLIPAL2E161,1016.0,
AMAOTr,0.283,0.283
GMPS2,0.43,
NTRIR2x,845.0,
TREHpp,199.0,
TUNGSabcpp,95.19583333,
DHPS2,0.109,
ANS,383.0,
G3PAT181,166.8,
LPLIPAL1E140pp,1016.0,
APH141,1.55e-06,
EAR40y,5.3,
NOtex,100000000.0,100000000.0
AACPS2,21.94,
TMAOR1pp,145.25,
AACPS7,21.94,
AP4AS,3.4,
XYLI2,4.54,1.67
FRUtex,100000000.0,100000000.0
PLIPA1G160pp,2.48,
ADOCBIK,0.191,
NTD12,0.24,
TYMtex,100000000.0,100000000.0
I2FE2SS,0.5,
2AGPEAT181,0.016,
DAGK120,10.40333333,
ADOCBLabcpp,0.845,
PUNP6,44.93,112.5
DM_amob_c,,
FA140ACPHi,0.004,
GALTtex,100000000.0,100000000.0
MDDEP3pp,1.41,
GALKr,63.62,0.195
PEAMNOpp,12.4,
IPPMIa,368.4865,10.0
HDCAtexi,100000000.0,
MLTG4,845.0,
DDPGALA,0.94,0.94
DASYN141,8.92,
SHCHCS3,8.5,
XYLtex,100000000.0,100000000.0
OP4ENH,60.5,
CLPNS141pp,1.0,0.025375
ATPHs,,
PFK_3,31.0185,
OPMEACPD,368.4865,
ACGAL1Ptex,100000000.0,100000000.0
SUCptspp,3204.0,
NDP7,80.9,
APH181,1.55e-06,
TDPDRR,29.0,
GALCTtex,100000000.0,100000000.0
PItex,100000000.0,100000000.0
MLTP1,47.0,0.001
DASYN120,8.92,
FADRx,36.35,
PGI,923.75,5.0
PLIPA2G160pp,2.48,
CU2tex,100000000.0,100000000.0
PE141abcpp,95.19583333,
HEXt2rpp,22.0,22.0
RNTR3c2,34.15,
APG3PAT180,166.8,
CU1Opp,15.8,
NADPHQR3,22.0,
NADPPPS,,
GLNtex,100000000.0,100000000.0
FEOXAMR2,22.0,
NAtex,100000000.0,100000000.0
ACACT6r,1.4,14.8
CRNBTCT,76.1108,76.1108
ACS,66.6,
PE161abcpp,95.19583333,
GPDDA4,3.3,
MOCOS,1.375,
ATPM,22.0,
CGLYtex,100000000.0,100000000.0
ME1,134.4,
3HAD160,368.4865,
CBMD,,
RNTR1c2,34.15,
OPMEACPR,0.59,
ICHORS_copy2,0.35,1.8
PNTK,1.07,
UAMAS,16.61666667,
HYXNtex,100000000.0,100000000.0
AI2tex,22.0,22.0
CPGNR1,,
PTRCabcpp,95.19583333,
FE3DCITabcpp,95.19583333,
LIPAabctex,95.19583333,
PGSA180,1.0,
CRNCBCT,76.1108,76.1108
MALTTRtexi,100000000.0,
ARBTNR2,,
FE3HOXR3,,
PGP140abcpp,95.19583333,
2DOXG6PP,0.766,
EAR60x,5.3,
LALALGLUtex,100000000.0,100000000.0
PROGLYabcpp,22.0,
CYStex,100000000.0,100000000.0
ASCBtex,100000000.0,100000000.0
PG181abcpp,95.19583333,
FEENTERR3,,
G6PDA,72.93333333,
LPLIPAL2A140,1016.0,
AGPAT160,46.80901367,
THRPtex,100000000.0,100000000.0
ACONTb,71.0,1.1
IPMD,69.0,
ACMAMUT,18.3185,
ENTERES,3.0206,
XYLI1,47.0,7.7
PDH,66.45,
OCTAtex,100000000.0,100000000.0
HYD3pp,1500.0,
LPLIPAL1A140pp,1016.0,
URIH,5.05,
MN2t3pp,22.0,
ARABDI,0.1823,0.0287
DHNPTE,0.089,0.089
CU2abcpp,300.0,
NDPK1,458.5,407.3333333
THRabcpp,22.0,
CTECOAI8,63.0,63.0
CFAS180G,0.067,
COLIPAPabctex,95.19583333,
PFK_2,31.0185,
MCITD,368.4865,
FTHFD,111.8694444,
ENLIPAabctex,95.19583333,
CYSDabcpp,,
TMK,14.80483333,
NH4tpp,30000.0,22.0
G3PGabcpp,95.19583333,
LPLIPAL1G141pp,1016.0,
PSP_L,0.15,
GGGABADr,3.71,26.1
CYTK2,108.5,68.68233333
CUt2pp,22.0,
PLIPA1E120pp,2.48,
ThDPAT,,
AGM4PCPpp,160.0,
LPLIPAL2G141,1016.0,
LPLIPAL2ATG141,1016.0,
PGPP140pp,24.0,
PPTtex,100000000.0,100000000.0
METSOX1abcpp,,
ACtex,100000000.0,100000000.0
UPLA4FNT,24.0530625,
NTPP4,25.8,
MNt2pp,22.0,
RMK,14.80483333,
FE2tpp,22.0,
FBA3,0.003,0.002
GTPDPK,127.0,
GLCATr,32.4876,109.4666667
PG141abcpp,95.19583333,
METSOX2abcpp,,
CAt6pp,22.0,22.0
TDSK,2.4,
PYK6,3204.0,
PAPA180,152.0,
NMNN,,
3OAR141,0.59,
CU2tpp,22.0,
DURADx,0.65,0.64
GLCRD,35.0,
CRNabcpp,0.097333333,
ALAtex,100000000.0,100000000.0
SUCASPtpp,22.0,22.0
GALCTNtex,100000000.0,100000000.0
CYTDt2pp_copy2,22.0,22.0
COBALT2tex,100000000.0,100000000.0
URAtex,100000000.0,100000000.0
MCOATA,9.1,9.1
CBL1abcpp,0.845,
UGMDDS,19.6,
HEX7,14.3,
LPLIPAL2ATE120,1016.0,
COBALT2tpp,22.0,
LYSAM,0.083,0.083
CMtex,100000000.0,100000000.0
FACOAL161t2pp,0.029,
NO3tex,100000000.0,100000000.0
NDPK7,571.5,783.0
CLPNS120pp,1.0,0.025375
GPDDA2,1.1,
UACGALPpp,405.0,
GLUDy,37.3,190.0
23CCMPtex,100000000.0,100000000.0
DSERtex,100000000.0,100000000.0
FE3DHBZStonex,22.0,
MNLtex,100000000.0,100000000.0
HACD5,229.0,0.004
ZN2abcpp,300.0,
3CMPtex,100000000.0,100000000.0
PLIPA2G161pp,2.48,
SEPHCHCS,0.0625,
CYSDtex,100000000.0,100000000.0
ASNNpp,24.0,
2DGULRGy,6.725,
ADD,141.2,
DCAtex,100000000.0,100000000.0
ENTCS,1.0,
CRNDabcpp,0.097333333,
MLDEP1pp,0.5,
MTHTHFSs,,
BTNtex,100000000.0,100000000.0
IDONtex,100000000.0,100000000.0
MANAO,76.08846667,213.4339433
UDPACGALtex,100000000.0,100000000.0
CO2tex,100000000.0,100000000.0
Ktex,100000000.0,100000000.0
ANHMK,7000.0,
NADPHQR4,22.0,
PGAMT,0.52,5.16
ARHGDx,110.6,16.82075
I2FE2SS2,0.5,
CA2t3pp,22.0,
THRA,1.87,
FA160ACPHi,0.004,
I4FE4ST,22.0,
PHETA1,109.555,670.0
LPLIPAL2ATG140,1016.0,
PPS,0.33,
MLTG2,845.0,
THRD_L,5.2,
MDDEP1pp,1.41,
PE120abcpp,95.19583333,
OGMEACPS,0.46,
DAPE,128.0,67.0
2AGPEAT120,0.016,
TALA,13.0,53.0
MICITDr,10.0,368.4865
NADS1,0.2,
3HAD140,368.4865,
3OAR40,99.3,0.59
SHSL1,84.51428571,
MCTP1App,1.41,
ULA4NFT,13.5,
XPPT,131.0,
APG3PAT181,166.8,
NADPHHS,73.56,
ARGabcpp,95.19583333,
PGPP180,24.0,
GHBDHx,213.4339433,76.08846667
FEENTERexs,,
CRNt7pp,22.0,
PLIPA2E140pp,2.48,
AGM3Pt2pp,22.0,
NOVBCNtpp,22.0,
CYTDK2,0.0041,
NTP12,1009.0,
AMPNTAT,32.4876,
O16AP3pp,18.3185,
AGM4PCP,160.0,
GOFUCR,0.75,
GLYCDx,2.71,
PGP181abcpp,95.19583333,
LPLIPAL2ATE161,1016.0,
AIRC3,15.6,15.5
DM_aacald_c,,
EAR160y,5.3,
HSK,18.3,
ASP1DC,0.57,
OCTDPS,2.0,
GUAt2pp,22.0,
BMOCOS,1.375,
FCLK,14.80483333,
URATEtpp,22.0,
GLCURt2rpp,22.0,22.0
APG3PAT161,166.8,
SADT2,17.026,
HOPNTAL,5.6,
HPYRP,90.13177273,
PAPA161,152.0,
GLUtex,100000000.0,100000000.0
FE3HOXUtex,,
O2Stex,100000000.0,100000000.0
GLCP,47.0,
GNK,9.4,
KDOCT2,12.5,
HCYSMT,0.38,
PGPP181,24.0,
LIPAMPL,0.133,
DHNPA2r,0.089,0.089
TKT1,4.24375,73.5
PSSA181,1.0,
GLYK,4900.0,
QUIN2tex,100000000.0,100000000.0
ACMUMptspp,3204.0,
THRS,5.42,
CYANSTpp,230.0,
CTPS2,3.851,
CLtipp,100000000.0,
GLYOX3,1.43,
APG3PAT140,166.8,
RPI,1076.0,8.0
GSNt2pp,22.0,
AACPS3,21.94,
EAR60y,5.3,
ACt4pp,22.0,
NO3R2pp,68.0,
ALATA_D2,6.8625,
2AGPG140tipp,100000000.0,
MMM,48.0,
GSNK,14.80483333,
AP4AH,250.0,
CLPNH160pp,,
O16A4COLIPAabctex,95.19583333,
GLUTRS,2.2,
MOADSUx,0.5,
GLCTR2,4.357545811,
13PPDH2,7.3275,113.1567
CHLt2pp,22.0,
HACD2,229.0,0.004
LPLIPAL2ATE141,1016.0,
MLTG3,845.0,
ILETA,48.0,18.375
NADTRHD,167.9,
BUTSO3abcpp,95.19583333,
LPLIPAL2G180,1016.0,
IGPDH,1000.0,
SUCRtex,100000000.0,100000000.0
THMDtex,100000000.0,100000000.0
LDH_D2,3011.0,
R5PPpp,67.0,
URIt2pp_copy2,22.0,22.0
3OAS181,0.725,
MLDCP2Bpp,106.3,
2AGPA160tipp,100000000.0,
GLYC3Ptex,100000000.0,100000000.0
NAt3_2pp,22.0,
GPDDA2pp,1.1,
MDDEP2pp,1.41,
UDPGALPpp,405.0,
MALt3pp,,
ATHRDHr,5.76,3.78
TYRTA,153.85,670.0
ACNML,6.75,
ASPabcpp,95.19583333,
INOSTO,3.7015,3.7015
NTD9pp,11.0,
LPLIPAL2ATG180,1016.0,
SQtr,22.0,
HEPT2,79.47949376,
PTAr,120.0,415.0
ACALD,15.7,15.7
12DGR160tipp,,
CSNt2pp,22.0,
MDDCP5pp,1.41,
GLUabcpp,95.19583333,
AMPTASECG,38.75333333,
DIMPtex,100000000.0,100000000.0
ACACT3r,1.4,14.8
RHMND,3.2,0.02
UDCPDP,9.0,
FEOXAMexs,,
