Gamma,Change_Factor,Acetate_Threshold_Main,Acetate_Threshold_Slope_0_1,Acetate_Threshold_Slope_0_7,Needs_Revision,Consensus_Threshold
0.1,0.02,0.791265978154413,0.785369536641831,0.0124744444108565,0,0.791265978154413
0.1,0.05,0.791265978154423,0.785369536641834,0.0124764321043428,0,0.791265978154423
0.1,0.1,0.791265978154413,0.78536953664183,0.0124771020935422,0,0.791265978154413
0.1,0.2,0.791265978154418,0.785369536641836,0.0124745580086421,0,0.791265978154418
0.1,0.5,0.675407803076898,0.656711271070179,0.0124786190064735,0,0.675407803076898
0.1,1,0.330009330529977,0.294969264759899,0.012476538512518,1,0.330009330529977
0.1,2,0.131326912398277,0.115213638819407,0.012476585718886,0,0.131326912398277
0.1,5,0.0168414015729739,0.0069141851499958,0.0069141851499958,0,0.0168414015729739
0.1,10,0.000642775860945397,0.000642775860945397,0.000642775860945397,0,0.000642775860945397
0.1,20,0,0,0,0,0
0.1,50,0,0,0,0,0
0.11159169550173,0.02,0.791265978154409,0.785369536641836,0.012474891973606,0,0.791265978154409
0.11159169550173,0.05,0.791265978154418,0.785369536641836,0.0124761141724191,0,0.791265978154418
0.11159169550173,0.1,0.791265978154421,0.785369536641839,0.0124737663194308,0,0.791265978154421
0.11159169550173,0.2,0.791265978154401,0.785369536641834,0.0124745061452845,0,0.791265978154401
0.11159169550173,0.5,0.735757214306834,0.731219262126586,0.0124763959946528,0,0.735757214306834
0.11159169550173,1,0.360372994856609,0.336473426347402,0.0124759289755539,0,0.360372994856609
0.11159169550173,2,0.153495954902233,0.131981370648628,0.012476129626283,0,0.153495954902233
0.11159169550173,5,0.0228875123432931,0.0122289270363995,0.0122289270363995,0,0.0228875123432931
0.11159169550173,10,0.00395127004484914,0.00395127004484914,0.00395127004484914,0,0.00395127004484914
0.11159169550173,20,0,0,0,0,0
0.11159169550173,50,0,0,0,0,0
0.122837370242214,0.02,0.791265978154416,0.785369536641833,0.0124752504710274,0,0.791265978154416
0.122837370242214,0.05,0.791265304160451,0.78536886767041,0.0124715442747945,0,0.791265304160451
0.122837370242214,0.1,0.791265978154417,0.785369536641837,0.012472790270218,0,0.791265978154417
0.122837370242214,0.2,0.791265978154419,0.785369536641816,0.012474484523755,0,0.791265978154419
0.122837370242214,0.5,0.781758006979428,0.781758006979428,0.0124763771124159,0,0.781758006979428
0.122837370242214,1,0.389960857104915,0.37612756718435,0.0124765363895756,0,0.389960857104915
0.122837370242214,2,0.166150266616738,0.156801553700801,0.0124764343339167,0,0.166150266616738
0.122837370242214,5,0.0282072033092296,0.0231759739655934,0.0124767409970298,0,0.0282072033092296
0.122837370242214,10,0.00311614475188778,0.00311614475188778,0.00311614475188778,0,0.00311614475188778
0.122837370242214,20,0.00175248278720329,0.00175248278720329,0.00175248278720329,0,0.00175248278720329
0.122837370242214,50,0,0,0,0,0
0.133737024221453,0.02,0.791265978154417,0.785369536641833,0.0124746942706698,0,0.791265978154417
0.133737024221453,0.05,0.791265978154416,0.785369536641834,0.0124765695907665,0,0.791265978154416
0.133737024221453,0.1,0.791265978154417,0.785369536641837,0.0124763124745859,0,0.791265978154417
0.133737024221453,0.2,0.791265978154415,0.785369536641834,0.0124745155835653,0,0.791265978154415
0.133737024221453,0.5,0.781758006979428,0.781758006979428,0.0124763879022594,0,0.781758006979428
0.133737024221453,1,0.418774740136676,0.40961647011166,0.0124765585020815,0,0.418774740136676
0.133737024221453,2,0.182872660968844,0.173685045726172,0.0124766605810956,0,0.182872660968844
0.133737024221453,5,0.033348166806404,0.0274238256768702,0.0124766652451804,0,0.033348166806404
0.133737024221453,10,0.00218199954303795,0.00218199954303795,0.00218199954303795,0,0.00218199954303795
0.133737024221453,20,0.00330912800723711,0.00330912800723711,0.00330912800723711,0,0.00330912800723711
0.133737024221453,50,0,0,0,0,0
0.144290657439446,0.02,0.791265978154414,0.785369536641831,0.0124750354225078,0,0.791265978154414
0.144290657439446,0.05,0.791265978154418,0.785369536641835,0.0124746333345228,0,0.791265978154418
0.144290657439446,0.1,0.791265978154418,0.785369536641831,0.0124753982801152,0,0.791265978154418
0.144290657439446,0.2,0.791264676677033,0.785368207306749,0.0124746602048646,0,0.791264676677033
0.144290657439446,0.5,0.781758006979428,0.781758006979428,0.0124763784611456,0,0.781758006979428
0.144290657439446,1,0.446787179878378,0.442340156911041,0.012475714699969,0,0.446787179878378
0.144290657439446,2,0.194744183474609,0.0124789836479757,0,1,0.194744183474609
0.144290657439446,5,0.0383338122850986,0.0383338122850986,0.0124771422860394,0,0.0383338122850986
0.144290657439446,10,0.00107217823920671,0.00107217823920671,0.00107217823920671,0,0.00107217823920671
0.144290657439446,20,0.000777622674414293,0.000777622674414293,0.000777622674414293,0,0.000777622674414293
0.144290657439446,50,0,0,0,0,0
0.15,0.02,0.791265978154414,0.785369536641832,0.0124760525309347,0,0.791265978154414
0.15,0.05,0.79126597815442,0.785369536641838,0.012471532145645,0,0.79126597815442
0.15,0.1,0.791265978154417,0.785369536641836,0.0124777262960697,0,0.791265978154417
0.15,0.2,0.791265978154399,0.785369536641811,0.0124754277115117,0,0.791265978154399
0.15,0.5,0.78175800697943,0.78175800697943,0.0124763784611458,0,0.78175800697943
0.15,1,0.463838733833316,0.457450812209153,0.0124765600927825,0,0.463838733833316
0.15,2,0.205623781556981,0.20115339271681,0.0124764303525344,0,0.205623781556981
0.15,5,0.0453493015175221,0.0409749254844824,0.0124774859070919,0,0.0453493015175221
0.15,10,0.00267379272434939,0.00267379272434939,0.00267379272434939,0,0.00267379272434939
0.15,20,0.00158616282696442,0.00158616282696442,0.00158616282696442,0,0.00158616282696442
0.15,50,0,0,0,0,0
0.154498269896194,0.02,0.791265978154414,0.785369536641831,0.0124750354225078,0,0.791265978154414
0.154498269896194,0.05,0.79126597815442,0.785369536641838,0.012471532145645,0,0.79126597815442
0.154498269896194,0.1,0.791265978154418,0.785369536641836,0.0124768252131058,0,0.791265978154418
0.154498269896194,0.2,0.7912659781544,0.785369536641819,0.0124767042211062,0,0.7912659781544
0.154498269896194,0.5,0.781758006979429,0.781758006979429,0.0124766861605191,0,0.781758006979429
0.154498269896194,1,0.477995097771835,0.471541707893233,0.0124763878963275,0,0.477995097771835
0.154498269896194,2,0.21067433253691,0.205774746597212,0.012476433817629,0,0.21067433253691
0.154498269896194,5,0.0474539273574642,0.0424181041077498,0.0124771382859465,0,0.0474539273574642
0.154498269896194,10,0.00394976776564266,0.00394976776564266,0.00394976776564266,0,0.00394976776564266
0.154498269896194,20,0.00222652937940207,0.00222652937940207,0.00222652937940207,0,0.00222652937940207
0.154498269896194,50,0,0,0,0,0
0.164359861591695,0.02,0.791265978154414,0.785369536641831,0.0124750354225078,0,0.791265978154414
0.164359861591695,0.05,0.79126597815442,0.785369536641838,0.0124715631424073,0,0.79126597815442
0.164359861591695,0.1,0.791265978154418,0.785369536641832,0.0124746616499852,0,0.791265978154418
0.164359861591695,0.2,0.791265978154415,0.785369536641834,0.0124722054024979,0,0.791265978154415
0.164359861591695,0.5,0.781758006979423,0.781758006979423,0.0124786298002154,0,0.781758006979423
0.164359861591695,1,0.508110124898042,0.508110124898042,0.012476560092864,0,0.508110124898042
0.164359861591695,2,0.226177102718673,0.220109981917003,0.0124764863937063,0,0.226177102718673
0.164359861591695,5,0.0519244723300658,0.0424182274009754,0.0124786702768643,0,0.0519244723300658
0.164359861591695,10,0.00194692675357644,0.00194692675357644,0.00194692675357644,0,0.00194692675357644
0.164359861591695,20,0.00363766285131843,0.00363766285131843,0.00363766285131843,0,0.00363766285131843
0.164359861591695,50,0,0,0,0,0
0.173875432525952,0.02,0.791265978154414,0.785369536641831,0.0124750354225078,0,0.791265978154414
0.173875432525952,0.05,0.791265978154418,0.785369536641834,0.0124747345685862,0,0.791265978154418
0.173875432525952,0.1,0.791265978154419,0.785369536641834,0.0124772230045022,0,0.791265978154419
0.173875432525952,0.2,0.791265978154399,0.785369536641813,0.0124768660288207,0,0.791265978154399
0.173875432525952,0.5,0.781758006979428,0.781758006979428,0.0124786298002154,0,0.781758006979428
0.173875432525952,1,0.537504056197069,0.537504056197069,0.0124765504094766,0,0.537504056197069
0.173875432525952,2,0.240985734149781,0.234271782672092,0.0124764512817548,0,0.240985734149781
0.173875432525952,5,0.0608209241928071,0.0557031243504975,0.0124770493904287,0,0.0608209241928071
0.173875432525952,10,0.00420140386620882,0.00420140386620882,0.00420140386620882,0,0.00420140386620882
0.173875432525952,20,0.000962631427488729,0.000962631427488729,0.000962631427488729,0,0.000962631427488729
0.173875432525952,50,0,0,0,0,0
0.183044982698962,0.02,0.791265978154414,0.785369536641831,0.0124750354225078,0,0.791265978154414
0.183044982698962,0.05,0.791265978154418,0.785369536641834,0.0124760963937566,0,0.791265978154418
0.183044982698962,0.1,0.791265978154424,0.785369536641842,0.0124714586218681,0,0.791265978154424
0.183044982698962,0.2,0.791265978154395,0.785369536641813,0.0124758639815267,0,0.791265978154395
0.183044982698962,0.5,0.781758006979431,0.781758006979431,0.0124766489792022,0,0.781758006979431
0.183044982698962,1,0.566175925633131,0.566175925633131,0.0124752646493701,0,0.566175925633131
0.183044982698962,2,0.255430706293172,0.248426312322816,0.0124768799055543,0,0.255430706293172
0.183044982698962,5,0.0646820255407442,0.0566564656822914,0.0124767699921249,0,0.0646820255407442
0.183044982698962,10,0.0016692832869053,0.0016692832869053,0.0016692832869053,0,0.0016692832869053
0.183044982698962,20,0.00225887783579183,0.00225887783579183,0.00225887783579183,0,0.00225887783579183
0.183044982698962,50,0,0,0,0,0
0.191868512110727,0.02,0.791265978154413,0.785369536641831,0.0124747117994454,0,0.791265978154413
0.191868512110727,0.05,0.791265978154412,0.785369536641831,0.0124715323632079,0,0.791265978154412
0.191868512110727,0.1,0.791265978154413,0.785369536641828,0.0124786842188776,0,0.791265978154413
0.191868512110727,0.2,0.791265978154403,0.785369536641815,0.012475851003337,0,0.791265978154403
0.191868512110727,0.5,0.781758006979428,0.781758006979428,0.0124728075095038,0,0.781758006979428
0.191868512110727,1,0.594109851083298,0.594109851083298,0.0124760774276106,0,0.594109851083298
0.191868512110727,2,0.269512798489768,0.0124768544288307,0.0124768544288307,1,0.269512798489768
0.191868512110727,5,0.0681301385670293,0.0681301385670293,0.0124764256668971,0,0.0681301385670293
0.191868512110727,10,0.00375546167758408,0.00375546167758408,0.00375546167758408,0,0.00375546167758408
0.191868512110727,20,0.00352269576439289,0.00352269576439289,0.00352269576439289,0,0.00352269576439289
0.191868512110727,50,0,0,0,0,0
0.2,0.02,0.791265978154416,0.785369536641831,0.0124750113260061,0,0.791265978154416
0.2,0.05,0.791265978154415,0.785369536641831,0.0124711567217569,0,0.791265978154415
0.2,0.1,0.791265978154417,0.785369536641831,0.0124769004413648,0,0.791265978154417
0.2,0.2,0.791265978154395,0.785369536641818,0.0124762790271031,0,0.791265978154395
0.2,0.5,0.781758006979426,0.781758006979426,0.0124767828594462,0,0.781758006979426
0.2,1,0.620274286626402,0.620274286626402,0.0124765705047173,0,0.620274286626402
0.2,2,0.282865356040089,0.276705983544951,0.0124768221069733,0,0.282865356040089
0.2,5,0.0766977184732034,0.0708257981467252,0.0124771343499467,0,0.0766977184732034
0.2,10,0.00545749189264625,0.00545749189264625,0.00545749189264625,0,0.00545749189264625
0.2,20,0.000642514111837383,0.000642514111837383,0.000642514111837383,0,0.000642514111837383
0.2,50,0,0,0,0,0
0.200346020761246,0.02,0.791265978154413,0.785369536641833,0.0124751499743778,0,0.791265978154413
0.200346020761246,0.05,0.791265978154414,0.785369536641834,0.0124715134956882,0,0.791265978154414
0.200346020761246,0.1,0.791265978154416,0.78536953664183,0.0124767468566772,0,0.791265978154416
0.200346020761246,0.2,0.791265978154401,0.785369536641816,0.0124765426595586,0,0.791265978154401
0.200346020761246,0.5,0.781758006979428,0.781758006979428,0.0124767712705181,0,0.781758006979428
0.200346020761246,1,0.620912799235451,0.620912799235451,0.012476613881102,0,0.620912799235451
0.200346020761246,2,0.283227876922476,0.0124772940529432,0,1,0.283227876922476
0.200346020761246,5,0.0768330186305741,0.0708257981467249,0.0124770143197868,0,0.0768330186305741
0.200346020761246,10,0.00552592258393915,0.00552592258393915,0.00552592258393915,0,0.00552592258393915
0.200346020761246,20,0.000692989996018929,0.000692989996018929,0.000692989996018929,0,0.000692989996018929
0.200346020761246,50,0,0,0,0,0
0.208477508650519,0.02,0.791265978154413,0.785369536641831,0.0124753677722454,0,0.791265978154413
0.208477508650519,0.05,0.791265978154414,0.785369536641831,0.0124711567217569,0,0.791265978154414
0.208477508650519,0.1,0.791265978154418,0.785369536641836,0.0124768443527563,0,0.791265978154418
0.208477508650519,0.2,0.791265978154418,0.785369536641816,0.012475866678783,0,0.791265978154418
0.208477508650519,0.5,0.781758006979426,0.781758006979426,0.0124772019723378,0,0.781758006979426
0.208477508650519,1,0.645092464109126,0.639569675022068,0.0124765705047173,0,0.645092464109126
0.208477508650519,2,0.296578856744546,0.290805701898807,0.0124768706389091,0,0.296578856744546
0.208477508650519,5,0.0800106925399624,0.0708257981467249,0.012476447246771,0,0.0800106925399624
0.208477508650519,10,0.00713011783447546,0.00713011783447546,0.00713011783447546,0,0.00713011783447546
0.208477508650519,20,0.00184522646732182,0.00184522646732182,0.00184522646732182,0,0.00184522646732182
0.208477508650519,50,0,0,0,0,0
0.216262975778547,0.02,0.791265978154413,0.785369536641831,0.0124753677722454,0,0.791265978154413
0.216262975778547,0.05,0.791265978154418,0.785369536641834,0.0124715323632079,0,0.791265978154418
0.216262975778547,0.1,0.791265978154413,0.785369536641835,0.0124753924325099,0,0.791265978154413
0.216262975778547,0.2,0.791265978154412,0.785369536641829,0.0124763615022739,0,0.791265978154412
0.216262975778547,0.5,0.781758006979428,0.781758006979428,0.0124772127636081,0,0.781758006979428
0.216262975778547,1,0.668579513226491,0.664038436807453,0.0124765704339424,0,0.668579513226491
0.216262975778547,2,0.309567296832853,0.0124775858139224,0,1,0.309567296832853
0.216262975778547,5,0.0884428602542098,0.083053146282994,0.0124771411322858,0,0.0884428602542098
0.216262975778547,10,0.0086646807809599,0.0086646807809599,0.0086646807809599,0,0.0086646807809599
0.216262975778547,20,0.00295970651354099,0.00295970651354099,0.00295970651354099,0,0.00295970651354099
0.216262975778547,50,0,0,0,0,0
0.223702422145329,0.02,0.791265978154414,0.785369536641831,0.012475029137857,0,0.791265978154414
0.223702422145329,0.05,0.791265978154414,0.785369536641833,0.0124715323632079,0,0.791265978154414
0.223702422145329,0.1,0.791265978154417,0.785369536641827,0.0124782018511531,0,0.791265978154417
0.223702422145329,0.2,0.791265978154393,0.785369536641794,0.0124768809224763,0,0.791265978154393
0.223702422145329,0.5,0.781758006979428,0.781758006979428,0.0124769131313258,0,0.781758006979428
0.223702422145329,1,0.686890718535495,0.686890718535495,0.0124714682308713,0,0.686890718535495
0.223702422145329,2,0.322191751945046,0.317290522439626,0.0124770670481559,0,0.322191751945046
0.223702422145329,5,0.0913503646316513,0.0849936997024039,0.0124764521397515,0,0.0913503646316513
0.223702422145329,10,0.0155890228772486,0.0101308450812895,0.0101308450812895,0,0.0155890228772486
0.223702422145329,20,0.00402513045582215,0.00402513045582215,0.00402513045582215,0,0.00402513045582215
0.223702422145329,50,0,0,0,0,0
0.230795847750865,0.02,0.791265978154426,0.78536953664184,0.0124749796953317,0,0.791265978154426
0.230795847750865,0.05,0.791265978154419,0.785369536641837,0.0124728468603599,0,0.791265978154419
0.230795847750865,0.1,0.791265978154418,0.785369536641834,0.0124750962920362,0,0.791265978154418
0.230795847750865,0.2,0.791265978154412,0.78536953664183,0.0124754336863434,0,0.791265978154412
0.230795847750865,0.5,0.78175800697943,0.78175800697943,0.0124769131313258,0,0.78175800697943
0.230795847750865,1,0.709044842918032,0.70450997099107,0.0124714682308338,0,0.709044842918032
0.230795847750865,2,0.329533198652479,0.329533198652479,0.0124765956729991,0,0.329533198652479
0.230795847750865,5,0.094122378041969,0.0849936997024035,0.0124764496843875,0,0.094122378041969
0.230795847750865,10,0.016988453104871,0.01136533256213,0.01136533256213,0,0.016988453104871
0.230795847750865,20,0.00100232298007416,0.00100232298007416,0.00100232298007416,0,0.00100232298007416
0.230795847750865,50,0,0,0,0,0
0.237543252595156,0.02,0.791265978154416,0.785369536641831,0.0124766524086716,0,0.791265978154416
0.237543252595156,0.05,0.791265978154412,0.78536953664183,0.0124717745759838,0,0.791265978154412
0.237543252595156,0.1,0.791265978154415,0.785369536641835,0.0124750566307312,0,0.791265978154415
0.237543252595156,0.2,0.7912659781544,0.785369536641819,0.0124749084639673,0,0.7912659781544
0.237543252595156,0.5,0.781758006979428,0.781758006979428,0.01247742372542,0,0.781758006979428
0.237543252595156,1,0.725547553203363,0.719967552572474,0.012476557007051,0,0.725547553203363
0.237543252595156,2,0.341017102015855,0,0,1,0.341017102015855
0.237543252595156,5,0.0967590703721573,0.0967590703721573,0.0124771220587004,0,0.0967590703721573
0.237543252595156,10,0.0183142948601084,0.0113652292269767,0.0113652292269767,0,0.0183142948601084
0.237543252595156,20,0.00195129970464675,0.00195129970464675,0.00195129970464675,0,0.00195129970464675
0.237543252595156,50,0,0,0,0,0
0.243944636678201,0.02,0.791265978154413,0.785369536641831,0.0124749796953317,0,0.791265978154413
0.243944636678201,0.05,0.791265978154418,0.78536953664183,0.0124722526109074,0,0.791265978154418
0.243944636678201,0.1,0.791265978154419,0.78536953664184,0.0124745447933509,0,0.791265978154419
0.243944636678201,0.2,0.791265978154412,0.785369536641842,0.0124760723070459,0,0.791265978154412
0.243944636678201,0.5,0.78175734485121,0.78175734485121,0.0124767703872537,0,0.78175734485121
0.243944636678201,1,0.726988848810902,0.720159222552197,0.0124752295887598,0,0.726988848810902
0.243944636678201,2,0.351732101213983,0.346688253481207,0.012476596502477,0,0.351732101213983
0.243944636678201,5,0.10465061999134,0.0990974575466284,0.0124771414825024,0,0.10465061999134
0.243944636678201,10,0.0195743724120391,0.0113652222880799,0.0113652222880799,0,0.0195743724120391
0.243944636678201,20,0.00286800866176398,0.00286800866176398,0.00286800866176398,0,0.00286800866176398
0.243944636678201,50,0,0,0,0,0
0.25,0.02,0.791265978154413,0.785369536641831,0.012475029137857,0,0.791265978154413
0.25,0.05,0.791265978154416,0.785369536641833,0.0124722526109074,0,0.791265978154416
0.25,0.1,0.791265978154416,0.785369536641831,0.0124714690043446,0,0.791265978154416
0.25,0.2,0.7912659781544,0.785369536641818,0.0124764451238211,0,0.7912659781544
0.25,0.5,0.781758006979427,0.781758006979427,0.0124769314647811,0,0.781758006979427
0.25,1,0.726988848810898,0.720159222552201,0.0124759455382955,0,0.726988848810898
0.25,2,0.362075822757912,0.357466400798536,0.0124773174695716,0,0.362075822757912
0.25,5,0.107016969099059,0.0991602451417421,0.0124770298145396,0,0.107016969099059
0.25,10,0.0207697143189383,0.0113672354990433,0.0113672354990433,0,0.0207697143189383
0.25,20,0.00373536929869719,0,0,0,0.00373536929869719
0.25,50,0,0,0,0,0
0.255709342560554,0.02,0.791265978154413,0.785369536641831,0.012475029137857,0,0.791265978154413
0.255709342560554,0.05,0.791265978154417,0.785369536641835,0.01247147843803,0,0.791265978154417
0.255709342560554,0.1,0.791265327809338,0.785368891143068,0.0124745623217065,0,0.791265327809338
0.255709342560554,0.2,0.791265978154395,0.785369536641818,0.0124745677150371,0,0.791265978154395
0.255709342560554,0.5,0.781758006979428,0.781758006979428,0.0124767997286098,0,0.781758006979428
0.255709342560554,1,0.726988848810903,0.720159222552196,0.0124766117582548,0,0.726988848810903
0.255709342560554,2,0.367489438031036,0.367489438031036,0.0124766202345435,0,0.367489438031036
0.255709342560554,5,0.10924821479165,0.10924821479165,0.0124764256668972,0,0.10924821479165
0.255709342560554,10,0.0218950157656307,0.0113656086706508,0.0113656086706508,0,0.0218950157656307
0.255709342560554,20,0.000505281168301621,0.000505281168301621,0.000505281168301621,0,0.000505281168301621
0.255709342560554,50,0,0,0,0,0
0.261072664359862,0.02,0.791265978154413,0.785369536641831,0.012475029137857,0,0.791265978154413
0.261072664359862,0.05,0.791265978154416,0.785369536641837,0.0124728468603599,0,0.791265978154416
0.261072664359862,0.1,0.791265978154416,0.785369536641833,0.0124749718103634,0,0.791265978154416
0.261072664359862,0.2,0.791265978154416,0.785369536641832,0.0124750916903492,0,0.791265978154416
0.261072664359862,0.5,0.781758006979428,0.781758006979428,0.012476791635691,0,0.781758006979428
0.261072664359862,1,0.726988848810902,0.720159222552198,0.0124747343079913,0,0.726988848810902
0.261072664359862,2,0.377120599548976,0.372526397769291,0.0124766083656928,0,0.377120599548976
0.261072664359862,5,0.116734112142167,0.111344127370185,0.0124772159671514,0,0.116734112142167
0.261072664359862,10,0.022944366788584,0.022944366788584,0.0113674215975601,0,0.022944366788584
0.261072664359862,20,0.0012703683652028,0.0012703683652028,0.0012703683652028,0,0.0012703683652028
0.261072664359862,50,0,0,0,0,0
0.266089965397924,0.02,0.791265978154413,0.785369536641831,0.012475029137857,0,0.791265978154413
0.266089965397924,0.05,0.791265978154414,0.78536953664183,0.012471520046736,0,0.791265978154414
0.266089965397924,0.1,0.791265978154419,0.785369536641843,0.0124746975055384,0,0.791265978154419
0.266089965397924,0.2,0.791265978154397,0.785369536641815,0.0124714449961338,0,0.791265978154397
0.266089965397924,0.5,0.781758006979428,0.781758006979428,0.012476791635691,0,0.781758006979428
0.266089965397924,1,0.726988848810902,0.720159222552194,0.0124765953297023,0,0.726988848810902
0.266089965397924,2,0.381897416833313,0.381897416833313,0.0124770670473309,0,0.381897416833313
0.266089965397924,5,0.118694804554341,0.113216419300661,0.0124770310747946,0,0.118694804554341
0.266089965397924,10,0.0293893902847967,0.0239310261829039,0.0113642855004135,0,0.0293893902847967
0.266089965397924,20,0.00198378055249114,0.00198378055249114,0.00198378055249114,0,0.00198378055249114
0.266089965397924,50,0,0,0,0,0
0.27076124567474,0.02,0.791265978154413,0.785369536641834,0.0124747117994454,0,0.791265978154413
0.27076124567474,0.05,0.791265978154417,0.785369536641831,0.0124711950106588,0,0.791265978154417
0.27076124567474,0.1,0.791265978154416,0.785369536641833,0.0124746975055387,0,0.791265978154416
0.27076124567474,0.2,0.791265326232732,0.785369536641831,0.0124718737671824,0,0.791265326232732
0.27076124567474,0.5,0.781758006979428,0.781758006979428,0.012476791635691,0,0.781758006979428
0.27076124567474,1,0.726988848810902,0.720159222552196,0.0124717774263167,0,0.726988848810902
0.27076124567474,2,0.390839460187086,0.386274579167778,0.0124765638977858,0,0.390839460187086
0.27076124567474,5,0.120520276800161,0.113327054204371,0.0124764472467709,0,0.120520276800161
0.27076124567474,10,0.0303099084695004,0.0248515023238536,0.011365270455978,0,0.0303099084695004
0.27076124567474,20,0.00265280194238776,0.00265280194238776,0.00265280194238776,0,0.00265280194238776
0.27076124567474,50,0,0,0,0,0
0.275086505190311,0.02,0.791265978154413,0.785369536641834,0.0124747117994454,0,0.791265978154413
0.275086505190311,0.05,0.791265978154415,0.785369536641833,0.0124683801643716,0,0.791265978154415
0.275086505190311,0.1,0.791265978154416,0.785369536641842,0.0124746117609237,0,0.791265978154416
0.275086505190311,0.2,0.7912659781544,0.785369536641818,0.0124746616499658,0,0.7912659781544
0.275086505190311,0.5,0.781758006979428,0.781758006979428,0.0124767808451493,0,0.781758006979428
0.275086505190311,1,0.726988848810897,0.720159222552196,0.0124765953297417,0,0.726988848810897
0.275086505190311,2,0.394949430277152,0,0,1,0.394949430277152
0.275086505190311,5,0.122210528879623,0.113327054204372,0.0124770310747946,0,0.122210528879623
0.275086505190311,10,0.0311634330239506,0.0255627245768396,0.0113656921146287,0,0.0311634330239506
0.275086505190311,20,0.0032723186680555,0.0032723186680555,0.0032723186680555,0,0.0032723186680555
0.275086505190311,50,0,0,0,0,0
0.279065743944637,0.02,0.791265978154413,0.785369536641831,0.0124750622180077,0,0.791265978154413
0.279065743944637,0.05,0.791265978154413,0.785369536641831,0.0124728468603599,0,0.791265978154413
0.279065743944637,0.1,0.791265337268902,0.785368900532134,0.0124749970314126,0,0.791265337268902
0.279065743944637,0.2,0.791265978154394,0.785369536641829,0.0124748762421776,0,0.791265978154394
0.279065743944637,0.5,0.781758006979428,0.781758006979428,0.012476791635691,0,0.781758006979428
0.279065743944637,1,0.7269888488109,0.720159222552198,0.0124759568610651,0,0.7269888488109
0.279065743944637,2,0.403236529436402,0.398644184420054,0.0124768247782465,0,0.403236529436402
0.279065743944637,5,0.123764979130067,0.123764979130067,0.0124764521397515,0,0.123764979130067
0.279065743944637,10,0.0319482355216985,0.0255628663809085,0.0113674220346732,0,0.0319482355216985
0.279065743944637,20,0.00384144375375569,0.00384144375375569,0.00384144375375569,0,0.00384144375375569
0.279065743944637,50,0,0,0,0,0
0.282698961937716,0.02,0.791265978154413,0.785369536641834,0.0124747117994454,0,0.791265978154413
0.282698961937716,0.05,0.791265978154415,0.785369536641833,0.0124728468603599,0,0.791265978154415
0.282698961937716,0.1,0.791265337268902,0.78536890053214,0.0124749970314126,0,0.791265337268902
0.282698961937716,0.2,0.791265978154418,0.785369536641816,0.0124750142042589,0,0.791265978154418
0.282698961937716,0.5,0.781758006979428,0.781758006979428,0.0124767518426362,0,0.781758006979428
0.282698961937716,1,0.726988848810903,0.720159222552198,0.0124759859808858,0,0.726988848810903
0.282698961937716,2,0.40661299764835,0.40661299764835,0.0124766202353876,0,0.40661299764835
0.282698961937716,5,0.125178127761873,0.125178127761873,0.0124764472467709,0,0.125178127761873
0.282698961937716,10,0.0326641364537659,0.025562905594167,0.0113654918470543,0,0.0326641364537659
0.282698961937716,20,3.01738944477442e-05,3.01738944477442e-05,3.01738944477442e-05,0,3.01738944477442e-05
0.282698961937716,50,0,0,0,0,0
0.28598615916955,0.02,0.791265978154423,0.785369536641833,0.0124750113260061,0,0.791265978154423
0.28598615916955,0.05,0.791265978154414,0.785369536641831,0.0124714723281911,0,0.791265978154414
0.28598615916955,0.1,0.791265978154416,0.785369536641833,0.0124749799009215,0,0.791265978154416
0.28598615916955,0.2,0.791265978154398,0.785369536641818,0.0124753216629936,0,0.791265978154398
0.28598615916955,0.5,0.781758006979428,0.781758006979428,0.012476751842636,0,0.781758006979428
0.28598615916955,1,0.726988848810901,0.720159222552194,0.0124765582843815,0,0.726988848810901
0.28598615916955,2,0.40966708863233,0.40966708863233,0.0124768351187161,0,0.40966708863233
0.28598615916955,5,0.131846587128317,0.126459961295003,0.0124770081379873,0,0.131846587128317
0.28598615916955,10,0.0333092389483067,0.0255608269500554,0.0113644508558666,0,0.0333092389483067
0.28598615916955,20,0.000422978283647157,0.000422978283647157,0.000422978283647157,0,0.000422978283647157
0.28598615916955,50,0,0,0,0,0
0.288927335640138,0.02,0.791265978154423,0.785369536641833,0.0124750113260061,0,0.791265978154423
0.288927335640138,0.05,0.791265978154414,0.785369536641831,0.0124718316222748,0,0.791265978154414
0.288927335640138,0.1,0.791265978154424,0.785369536641842,0.0124746468180605,0,0.791265978154424
0.288927335640138,0.2,0.791265978154399,0.785369536641818,0.0124740050521207,0,0.791265978154399
0.288927335640138,0.5,0.781758006979428,0.781758006979428,0.01247679972861,0,0.781758006979428
0.288927335640138,1,0.726988848810897,0.720159222552196,0.0124765199624626,0,0.726988848810897
0.288927335640138,2,0.416931499102322,0.41233888006633,0.0124766202353838,0,0.416931499102322
0.288927335640138,5,0.132930529955111,0.127401849796671,0.0124770202838391,0,0.132930529955111
0.288927335640138,10,0.0338885600295608,0.0255607584504762,0.0113662137873892,0,0.0338885600295608
0.288927335640138,20,0.000777463992533757,0.000777463992533757,0.000777463992533757,0,0.000777463992533757
0.288927335640138,50,0,0,0,0,0
0.291522491349481,0.02,0.791265978154423,0.785369536641833,0.0124750113260061,0,0.791265978154423
0.291522491349481,0.05,0.791265978154414,0.78536953664183,0.0124715323632079,0,0.791265978154414
0.291522491349481,0.1,0.791265978154416,0.785369536641833,0.0124746117609237,0,0.791265978154416
0.291522491349481,0.2,0.79126597815442,0.785369536641832,0.0124755168479747,0,0.79126597815442
0.291522491349481,0.5,0.781758006979428,0.781758006979428,0.01247679972861,0,0.781758006979428
0.291522491349481,1,0.726987992630519,0.720158213305908,0.0124766988321985,0,0.726987992630519
0.291522491349481,2,0.419342936271701,0.414354250727138,0.0124766202353838,0,0.419342936271701
0.291522491349481,5,0.133886819474683,0.127482748957532,0.0124767468566772,0,0.133886819474683
0.291522491349481,10,0.0344000111648797,0.0255608585453033,0.0113643299948956,0,0.0344000111648797
0.291522491349481,20,0.00108988433196761,0.00108988433196761,0.00108988433196761,0,0.00108988433196761
0.291522491349481,50,0,0,0,0,0
0.293771626297578,0.02,0.791265978154423,0.785369536641833,0.0124750113260061,0,0.791265978154423
0.293771626297578,0.05,0.791265978154418,0.785369536641835,0.0124711567217569,0,0.791265978154418
0.293771626297578,0.1,0.79126597815442,0.785369536641836,0.0124754416122306,0,0.79126597815442
0.293771626297578,0.2,0.791265978154395,0.785369536641838,0.0124752178474146,0,0.791265978154395
0.293771626297578,0.5,0.781758006979428,0.781758006979428,0.012476791635691,0,0.781758006979428
0.293771626297578,1,0.726988848810898,0.720158242376598,0.0124762402976432,0,0.726988848810898
0.293771626297578,2,0.421432849323824,0.421432849323824,0.0124770670473115,0,0.421432849323824
0.293771626297578,5,0.134715603724978,0.127482748957532,0.0124767468566772,0,0.134715603724978
0.293771626297578,10,0.0348456421738406,0.0255628554550051,0.0113652184216739,0,0.0348456421738406
0.293771626297578,20,0.00134364943666258,0.00134364943666258,0.00134364943666258,0,0.00134364943666258
0.293771626297578,50,0,0,0,0,0
0.295674740484429,0.02,0.791265978154413,0.785369536641834,0.0124747117994454,0,0.791265978154413
0.295674740484429,0.05,0.791265978154414,0.785369536641834,0.0124715323632079,0,0.791265978154414
0.295674740484429,0.1,0.791265978154413,0.785369536641837,0.0124749665678326,0,0.791265978154413
0.295674740484429,0.2,0.791265978154396,0.785369536641831,0.0124748904498251,0,0.791265978154396
0.295674740484429,0.5,0.781758006979428,0.781758006979428,0.012476791635691,0,0.781758006979428
0.295674740484429,1,0.7269888488109,0.720158242376589,0.0124762402976432,0,0.7269888488109
0.295674740484429,2,0.423256788723731,0.423256788723731,0.0124768306826271,0,0.423256788723731
0.295674740484429,5,0.135416882705997,0.127482748957532,0.0124767468566772,0,0.135416882705997
0.295674740484429,10,0.0352211942933567,0.0255636175112551,0.0113677699370858,0,0.0352211942933567
0.295674740484429,20,0.00156685033865328,0.00156685033865328,0.00156685033865328,0,0.00156685033865328
0.295674740484429,50,0,0,0,0,0
0.297231833910035,0.02,0.791265978154413,0.785369536641831,0.0124752504710275,0,0.791265978154413
0.297231833910035,0.05,0.791265978154418,0.785369536641835,0.012471483864974,0,0.791265978154418
0.297231833910035,0.1,0.791265337268901,0.785368900532132,0.0124710194452456,0,0.791265337268901
0.297231833910035,0.2,0.791265976577808,0.785368207306732,0.0124750650136436,0,0.791265976577808
0.297231833910035,0.5,0.781758006979428,0.781758006979428,0.0124767051626839,0,0.781758006979428
0.297231833910035,1,0.726988848810904,0.720159222552196,0.0124747448770637,0,0.726988848810904
0.297231833910035,2,0.424700682564889,0.424700682564889,0.0124770403635123,0,0.424700682564889
0.297231833910035,5,0.135990502379079,0.127482576500107,0.0124770081379866,0,0.135990502379079
0.297231833910035,10,0.0355273876346889,0.0255628554550052,0.0113671470630917,0,0.0355273876346889
0.297231833910035,20,0.00175198717613668,0.00175198717613668,0.00175198717613668,0,0.00175198717613668
0.297231833910035,50,0,0,0,0,0
0.298442906574394,0.02,0.791265978154423,0.785369536641833,0.0124750113260061,0,0.791265978154423
0.298442906574394,0.05,0.791265978154417,0.785369536641831,0.0124715134956881,0,0.791265978154417
0.298442906574394,0.1,0.791265978154417,0.785369536641835,0.0124716233898212,0,0.791265978154417
0.298442906574394,0.2,0.791265978154396,0.785369536641823,0.0124750248184037,0,0.791265978154396
0.298442906574394,0.5,0.781758006979428,0.781758006979428,0.012476705162684,0,0.781758006979428
0.298442906574394,1,0.726988848810906,0.720159222552196,0.0124765582843816,0,0.726988848810906
0.298442906574394,2,0.430359347095987,0,0,1,0.430359347095987
0.298442906574394,5,0.136436924860207,0.127482748957532,0.012477406999642,0,0.136436924860207
0.298442906574394,10,0.0357660121281383,0.0255628663809084,0.0113652224524102,0,0.0357660121281383
0.298442906574394,20,0.00189213332703021,0.00189213332703021,0.00189213332703021,0,0.00189213332703021
0.298442906574394,50,0,0,0,0,0
0.299307958477509,0.02,0.791265978154423,0.785369536641833,0.0124750113260061,0,0.791265978154423
0.299307958477509,0.05,0.791265978154414,0.785369536641831,0.0124711936630498,0,0.791265978154414
0.299307958477509,0.1,0.791265978154422,0.785369536641834,0.0124708221329276,0,0.791265978154422
0.299307958477509,0.2,0.791265978154401,0.78536953664182,0.0124745782840821,0,0.791265978154401
0.299307958477509,0.5,0.781758006979428,0.781758006979428,0.012476705162684,0,0.781758006979428
0.299307958477509,1,0.726988848810894,0.720159222552196,0.0124759838581292,0,0.726988848810894
0.299307958477509,2,0.431163159634682,0.426625874353095,0.012477004784997,0,0.431163159634682
0.299307958477509,5,0.136755688033398,0.127482748957532,0.0124767468566772,0,0.136755688033398
0.299307958477509,10,0.0359344770506466,0.0255616385809971,0.0113668807591923,0,0.0359344770506466
0.299307958477509,20,0.00199476848404506,0.00199476848404506,0.00199476848404506,0,0.00199476848404506
0.299307958477509,50,0,0,0,0,0
0.299826989619377,0.02,0.791265978154423,0.785369536641833,0.0124750113260061,0,0.791265978154423
0.299826989619377,0.05,0.79126597815442,0.78536953664183,0.0124749173938735,0,0.79126597815442
0.299826989619377,0.1,0.791265978154413,0.785369536641831,0.0124716524893673,0,0.791265978154413
0.299826989619377,0.2,0.791265978154413,0.785369536641831,0.0124745409801286,0,0.791265978154413
0.299826989619377,0.5,0.781758006979428,0.781758006979428,0.0124767051626839,0,0.781758006979428
0.299826989619377,1,0.726988848810905,0.720159222552196,0.0124746528489687,0,0.726988848810905
0.299826989619377,2,0.431645447157898,0.427107172300153,0.0124765787192943,0,0.431645447157898
0.299826989619377,5,0.136946945937312,0.127482748957532,0.0124767468566772,0,0.136946945937312
0.299826989619377,10,0.0360393025998854,0.025563617511255,0.0113655510070671,0,0.0360393025998854
0.299826989619377,20,0.00205574395625475,0.00205574395625475,0.00205574395625475,0,0.00205574395625475
0.299826989619377,50,0,0,0,0,0
0.3,0.02,0.791265978154413,0.785369536641831,0.0124752504710275,0,0.791265978154413
0.3,0.05,0.791265978154414,0.78536953664183,0.0124715323632078,0,0.791265978154414
0.3,0.1,0.791265978154419,0.785369536641836,0.0124712905345172,0,0.791265978154419
0.3,0.2,0.791265978154416,0.785369536641839,0.0124745619206316,0,0.791265978154416
0.3,0.5,0.781758006979428,0.781758006979428,0.0124767051626839,0,0.781758006979428
0.3,1,0.726988848810904,0.720159222552196,0.0124747448770637,0,0.726988848810904
0.3,2,0.431806209665636,0.427267578258026,0.0124768191867581,0,0.431806209665636
0.3,5,0.137010544735891,0.137010544735891,0.0124769838584516,0,0.137010544735891
0.3,10,0.0360732045542556,0.0255635755107658,0.0113671961348602,0,0.0360732045542556
0.3,20,0.00207601619168372,0.00207601619168372,0.00207601619168372,0,0.00207601619168372
0.3,50,0,0,0,0,0
0.35,0.02,0.791265978154414,0.785369536641831,0.0124769851187807,0,0.791265978154414
0.35,0.05,0.791265978154414,0.785369536641832,0.0124713728713922,0,0.791265978154414
0.35,0.1,0.791265978154417,0.785369536641836,0.0124673691460436,0,0.791265978154417
0.35,0.2,0.791265978154397,0.785369536641813,0.0124740787369188,0,0.791265978154397
0.35,0.5,0.781758006979428,0.781758006979428,0.0124762366609577,0,0.781758006979428
0.35,1,0.726988848810906,0.720159222552195,0.0124765570069422,0,0.726988848810906
0.35,2,0.441289925368367,0.0124766202354538,0,1,0.441289925368367
0.35,5,0.165835773310055,0.165835773310055,0.01247717803322,0,0.165835773310055
0.35,10,0.0509918079151028,0.0509918079151028,0.0113654368759628,0,0.0509918079151028
0.35,20,0.0032930148360202,0.0032930148360202,0.0032930148360202,0,0.0032930148360202
0.35,50,0.00299815593237675,0.00299815593237675,0.00299815593237675,0,0.00299815593237675
0.4,0.02,0.791265978154414,0.785369536641831,0.0124753933940083,0,0.791265978154414
0.4,0.05,0.791265978154416,0.785369536641835,0.0124714973054243,0,0.791265978154416
0.4,0.1,0.791265978154419,0.78536953664184,0.0124705698259044,0,0.791265978154419
0.4,0.2,0.791265337268876,0.785368900532115,0.0124769450099415,0,0.791265337268876
0.4,0.5,0.781758006979433,0.781758006979433,0.0124768002790641,0,0.781758006979433
0.4,1,0.726988043193189,0.720158242376596,0.0124765747730335,0,0.726988043193189
0.4,2,0.441289489823759,0.441289489823759,0.0124764071172362,0,0.441289489823759
0.4,5,0.175641037120317,0.175641037120317,0.0124770326085773,0,0.175641037120317
0.4,10,0.0708874563413814,0.0656331541613607,0.011365548977817,0,0.0708874563413814
0.4,20,0.00281287679673541,0.00281287679673541,0.00281287679673541,0,0.00281287679673541
0.4,50,0.00201491143588022,0.00201491143588022,0.00201491143588022,0,0.00201491143588022
0.45,0.02,0.791265978154414,0.785369536641831,0.0124753933940083,0,0.791265978154414
0.45,0.05,0.791265978154414,0.785369536641832,0.0124710206961106,0,0.791265978154414
0.45,0.1,0.791265978154423,0.785369536641835,0.0124698299816936,0,0.791265978154423
0.45,0.2,0.791265978154412,0.785369536641834,0.0124744728826643,0,0.791265978154412
0.45,0.5,0.781758006979429,0.781758006979429,0.0124767889380535,0,0.781758006979429
0.45,1,0.726988848810904,0.720159222552198,0.0124754687662611,0,0.726988848810904
0.45,2,0.441289493613902,0.0124765532763171,0,1,0.441289493613902
0.45,5,0.175641037120319,0.175641037120319,0.0124774264415186,0,0.175641037120319
0.45,10,0.0747476787943143,0.067590541615729,0.0113652292142386,0,0.0747476787943143
0.45,20,0.00774622249322594,0.00774622249322594,0.00774622249322594,0,0.00774622249322594
0.45,50,0.00103648874859803,0.00103648874859803,0.00103648874859803,0,0.00103648874859803
0.5,0.02,0.791265978154414,0.785369536641831,0.0124753933940083,0,0.791265978154414
0.5,0.05,0.791265978154414,0.785369536641832,0.0124714973054243,0,0.791265978154414
0.5,0.1,0.791265978154421,0.785369536641837,0.0124680527853173,0,0.791265978154421
0.5,0.2,0.791265978154419,0.785369536641844,0.012474535355026,0,0.791265978154419
0.5,0.5,0.781758006979429,0.781758006979429,0.0124767889380149,0,0.781758006979429
0.5,1,0.726988848810905,0.7201592225522,0.0124759489511464,0,0.726988848810905
0.5,2,0.44128992536838,0.44128992536838,0.0124764254814593,0,0.44128992536838
0.5,5,0.175641037120317,0.175641037120317,0.0124764884140397,0,0.175641037120317
0.5,10,0.0747475253368417,0.0675904853271512,0.0113651962631911,0,0.0747475253368417
0.5,20,0.0180245761051912,0.00996338206762454,0.00996338206762454,0,0.0180245761051912
0.5,50,2.99389863576631e-05,2.99389863576631e-05,2.99389863576631e-05,0,2.99389863576631e-05
0.55,0.02,0.791265978154414,0.785369536641831,0.0124753933940083,0,0.791265978154414
0.55,0.05,0.791265978154414,0.785369536641832,0.0124719866372127,0,0.791265978154414
0.55,0.1,0.791265978154416,0.785369536641833,0.0124746589532688,0,0.791265978154416
0.55,0.2,0.791265978154417,0.785369536641835,0.012474119482307,0,0.791265978154417
0.55,0.5,0.781758006979428,0.781758006979428,0.0124769616961259,0,0.781758006979428
0.55,1,0.7269888488109,0.720159222552193,0.012476445123859,0,0.7269888488109
0.55,2,0.441670582046942,0.0124765532763171,0,1,0.441670582046942
0.55,5,0.175641037120315,0.175641037120315,0.0124765023681186,0,0.175641037120315
0.55,10,0.0747475252989481,0.0747475252989481,0.0113674609527066,0,0.0747475252989481
0.55,20,0.0201035065441657,0.00996127395139215,0.00996127395139215,0,0.0201035065441657
0.55,50,0.00182988044555108,0.00182988044555108,0.00182988044555108,0,0.00182988044555108
0.6,0.02,0.791265978154414,0.785369536641831,0.0124753933940083,0,0.791265978154414
0.6,0.05,0.791265978154413,0.785369536641832,0.0124734083225724,0,0.791265978154413
0.6,0.1,0.79126597815442,0.785369536641838,0.0124715194242652,0,0.79126597815442
0.6,0.2,0.79126597815442,0.785369536641836,0.0124741199821035,0,0.79126597815442
0.6,0.5,0.781758006979432,0.781758006979432,0.0124772230045414,0,0.781758006979432
0.6,1,0.726988043193189,0.720159222552194,0.0124764348661952,0,0.726988043193189
0.6,2,0.441289925368369,0.012475652365765,0,1,0.441289925368369
0.6,5,0.175641037120317,0.175641037120317,0.0124763908416868,0,0.175641037120317
0.6,10,0.0747476787943147,0.0675905429735163,0.0113677505156847,0,0.0747476787943147
0.6,20,0.0201035065441671,0.00996127466846875,0.00996127466846875,0,0.0201035065441671
0.6,50,0.00068264522605662,0.00068264522605662,0.00068264522605662,0,0.00068264522605662
0.65,0.02,0.791265978154414,0.785369536641831,0.0124753933940083,0,0.791265978154414
0.65,0.05,0.791265978154421,0.78536953664184,0.0124734083225724,0,0.791265978154421
0.65,0.1,0.791265978154396,0.785369536641818,0.0124711178408361,0,0.791265978154396
0.65,0.2,0.791265978154422,0.785369536641833,0.0124709937447594,0,0.791265978154422
0.65,0.5,0.781758006979426,0.781758006979426,0.0124762745856593,0,0.781758006979426
0.65,1,0.7269888488109,0.720159222552195,0.0124764944026229,0,0.7269888488109
0.65,2,0.441289493613905,0.0124762702272615,0,1,0.441289493613905
0.65,5,0.175641037120314,0.175641037120314,0.0124766980698942,0,0.175641037120314
0.65,10,0.0747475216912627,0.0675904494412434,0.0113654309133049,0,0.0747475216912627
0.65,20,0.0201047063299795,0.00996359817920124,0.00996359817920124,0,0.0201047063299795
0.65,50,0.00177306959988678,0.00177306959988678,0.00177306959988678,0,0.00177306959988678
0.7,0.02,0.791265978154419,0.785369536641833,0.0124752164989555,0,0.791265978154419
0.7,0.05,0.791265978154414,0.785369536641832,0.0124714973054242,0,0.791265978154414
0.7,0.1,0.791265978154395,0.785369536641812,0.0124742021084189,0,0.791265978154395
0.7,0.2,0.79126597815442,0.785369536641835,0.0124723652943797,0,0.79126597815442
0.7,0.5,0.78175800697943,0.78175800697943,0.0124762056628543,0,0.78175800697943
0.7,1,0.7269888488109,0.7201592225522,0.0124760830963811,0,0.7269888488109
0.7,2,0.441670582046943,0.0124761301535446,0,1,0.441670582046943
0.7,5,0.175640647573619,0.175640647573619,0.0124770029743938,0,0.175640647573619
0.7,10,0.0747475253368405,0.0675904494412429,0.0113672447855333,0,0.0747475253368405
0.7,20,0.0201035065441655,0.00996323190248097,0.00996323190248097,0,0.0201035065441655
0.7,50,0.000253209976981247,0.000253209976981247,0.000253209976981247,0,0.000253209976981247
0.75,0.02,0.79126597815442,0.785369536641839,0.0124758156149369,0,0.79126597815442
0.75,0.05,0.791265978154416,0.785369536641834,0.0124714973054242,0,0.791265978154416
0.75,0.1,0.791265978154397,0.785369536641814,0.0124710123689707,0,0.791265978154397
0.75,0.2,0.791265978154419,0.785369536641834,0.0124723545114927,0,0.791265978154419
0.75,0.5,0.781757857955841,0.781757857955841,0.012476266332384,0,0.781757857955841
0.75,1,0.726988848810897,0.720159222552196,0.0124760892489836,0,0.726988848810897
0.75,2,0.441289925368373,0.0124765742816309,0,1,0.441289925368373
0.75,5,0.175641037120317,0.175641037120317,0.0124767745002707,0,0.175641037120317
0.75,10,0.0747475092293827,0.0675904467951298,0.0113668230309166,0,0.0747475092293827
0.75,20,0.0201034664517214,0.0099632319024813,0.0099632319024813,0,0.0201034664517214
0.75,50,0.000254571039695909,0.000254571039695909,0.000254571039695909,0,0.000254571039695909
0.8,0.02,0.791265978154419,0.785369536641833,0.0124752164989555,0,0.791265978154419
0.8,0.05,0.791265978154416,0.785369536641834,0.0124714973054242,0,0.791265978154416
0.8,0.1,0.791265978154401,0.785369536641817,0.0124741915400306,0,0.791265978154401
0.8,0.2,0.791265978154416,0.785369536641834,0.01247459089281,0,0.791265978154416
0.8,0.5,0.781758006979428,0.781758006979428,0.0124763035458362,0,0.781758006979428
0.8,1,0.7269888488109,0.720159222552196,0.0124761493809506,0,0.7269888488109
0.8,2,0.44128992536837,0.44128992536837,0.0124768285992671,0,0.44128992536837
0.8,5,0.175641037120318,0.175641037120318,0.0124767745002708,0,0.175641037120318
0.8,10,0.0747475242858,0.0675904480834606,0.0113652187842144,0,0.0747475242858
0.8,20,0.0201046461478729,0.00996165296975368,0.00996165296975368,0,0.0201046461478729
0.8,50,0.000253081297137181,0.000253081297137181,0.000253081297137181,0,0.000253081297137181
0.85,0.02,0.79126597815442,0.785369536641839,0.0124758156149369,0,0.79126597815442
0.85,0.05,0.791265978154416,0.785369536641834,0.0124714973054242,0,0.791265978154416
0.85,0.1,0.791265978154404,0.785369536641815,0.0124761141723608,0,0.791265978154404
0.85,0.2,0.791265978154419,0.785369536641835,0.0124740855022874,0,0.791265978154419
0.85,0.5,0.781758006979424,0.781758006979424,0.0124767881396887,0,0.781758006979424
0.85,1,0.726988848810904,0.720159222552198,0.0124761139706212,0,0.726988848810904
0.85,2,0.441289493613896,0.0124759322111798,0,1,0.441289493613896
0.85,5,0.175641037120319,0.175641037120319,0.0124767502216445,0,0.175641037120319
0.85,10,0.0747475121651803,0.0675904480834605,0.0113656734051047,0,0.0747475121651803
0.85,20,0.0201046503831387,0.00996188012547424,0.00996188012547424,0,0.0201046503831387
0.85,50,0.000253962332032545,0.000253962332032545,0.000253962332032545,0,0.000253962332032545
0.9,0.02,0.79126597815442,0.785369536641839,0.0124758156149369,0,0.79126597815442
0.9,0.05,0.791265978154416,0.785369536641834,0.0124714973054242,0,0.791265978154416
0.9,0.1,0.791265978154401,0.78536953664182,0.0124712734282465,0,0.791265978154401
0.9,0.2,0.79126597657782,0.785369535076989,0.0124724768878783,0,0.79126597657782
0.9,0.5,0.781758006979426,0.781758006979426,0.0124764024522876,0,0.781758006979426
0.9,1,0.726988848810907,0.720158213305911,0.012476536389613,0,0.726988848810907
0.9,2,0.441289925368373,0.0124763671330714,0,1,0.441289925368373
0.9,5,0.175641037120317,0.175641037120317,0.0124771991052116,0,0.175641037120317
0.9,10,0.0747475092293824,0.0747475092293824,0.0113650601060938,0,0.0747475092293824
0.9,20,0.0201046904803053,0.0099627086263381,0.0099627086263381,0,0.0201046904803053
0.9,50,0.000258853932123916,0.000258853932123916,0.000258853932123916,0,0.000258853932123916
0.95,0.02,0.791265978154419,0.785369536641833,0.0124752164989555,0,0.791265978154419
0.95,0.05,0.791265978154416,0.785369536641832,0.012471486524038,0,0.791265978154416
0.95,0.1,0.791265978154401,0.78536953664182,0.0124741915400114,0,0.791265978154401
0.95,0.2,0.79126597815442,0.785369536641837,0.0124740962881679,0,0.79126597815442
0.95,0.5,0.781758006979426,0.781758006979426,0.0124766292172478,0,0.781758006979426
0.95,1,0.726988848810899,0.720159222552196,0.0124758816747722,0,0.726988848810899
0.95,2,0.441289925368377,0.441289925368377,0.0124768768102464,0,0.441289925368377
0.95,5,0.175641037120319,0.175641037120319,0.0124767745002707,0,0.175641037120319
0.95,10,0.0747475253368412,0.0747475253368412,0.0113655261369942,0,0.0747475253368412
0.95,20,0.0201046220817972,0.00996357216473867,0.00996357216473867,0,0.0201046220817972
0.95,50,0.000254013117902699,0.000254013117902699,0.000254013117902699,0,0.000254013117902699
1,0.02,0.79126597815442,0.785369536641839,0.0124758156149369,0,0.79126597815442
1,0.05,0.791265978154416,0.785369536641832,0.012471486524038,0,0.791265978154416
1,0.1,0.791265978154399,0.785369536641818,0.0124741915400114,0,0.791265978154399
1,0.2,0.791265976577824,0.785369535076989,0.0124725416351049,0,0.791265976577824
1,0.5,0.78175800697943,0.78175800697943,0.0124763897933062,0,0.78175800697943
1,1,0.726988848810905,0.720159222552195,0.0124769206740335,0,0.726988848810905
1,2,0.441289493613897,0.012474739720412,0,1,0.441289493613897
1,5,0.175640653855842,0.175640653855842,0.012478600785099,0,0.175640653855842
1,10,0.0747475253368396,0.0747475253368396,0.0113655382311766,0,0.0747475253368396
1,20,0.0201046259571341,0.00996186397469898,0.00996186397469898,0,0.0201046259571341
1,50,0.000238238804057568,0.000238238804057568,0.000238238804057568,0,0.000238238804057568
